<DATE>,returns,lag_1,lag_2,lag_3,lag_4,lag_5,direction,position,strategy,strategy_tc
2018-12-07,-0.04494922275547466,0.0,0.0,0.0,0.0,1.0,-1,-1,0.04494922275547466,0.03994922275547466
2018-12-08,-0.011314003607227667,0.0,0.0,0.0,0.0,0.0,-1,-1,0.011314003607227667,0.011314003607227667
2018-12-09,0.024355526856808273,0.0,0.0,0.0,0.0,0.0,1,-1,-0.024355526856808273,-0.024355526856808273
2018-12-10,-0.011763806759937568,1.0,0.0,0.0,0.0,0.0,-1,1,-0.011763806759937568,-0.016763806759937567
2018-12-11,-0.02442389086022469,0.0,1.0,0.0,0.0,0.0,-1,-1,0.02442389086022469,0.01942389086022469
2018-12-12,-0.001880337097961768,0.0,0.0,1.0,0.0,0.0,-1,-1,0.001880337097961768,0.001880337097961768
2018-12-13,-0.0156967984885105,0.0,0.0,0.0,1.0,0.0,-1,-1,0.0156967984885105,0.0156967984885105
2018-12-14,-0.031073849985226637,0.0,0.0,0.0,0.0,1.0,-1,-1,0.031073849985226637,0.031073849985226637
2018-12-15,-0.009770105584800803,0.0,0.0,0.0,0.0,0.0,-1,-1,0.009770105584800803,0.009770105584800803
2018-12-16,1.5378937008150284e-05,0.0,0.0,0.0,0.0,0.0,1,-1,-1.5378937008150284e-05,-1.5378937008150284e-05
2018-12-17,0.042435038227605595,1.0,0.0,0.0,0.0,0.0,1,1,0.042435038227605595,0.0374350382276056
2018-12-18,0.05021316312122431,1.0,1.0,0.0,0.0,0.0,1,1,0.05021316312122431,0.05021316312122431
2018-12-19,0.03340561169206054,1.0,1.0,1.0,0.0,0.0,1,1,0.03340561169206054,0.03340561169206054
2018-12-20,0.06787900269389217,1.0,1.0,1.0,1.0,0.0,1,1,0.06787900269389217,0.06787900269389217
2018-12-21,0.014789880397322768,1.0,1.0,1.0,1.0,1.0,1,1,0.014789880397322768,0.014789880397322768
2018-12-22,-0.02566194773921909,1.0,1.0,1.0,1.0,1.0,-1,1,-0.02566194773921909,-0.02566194773921909
2018-12-23,0.016445512220807697,0.0,1.0,1.0,1.0,1.0,1,-1,-0.016445512220807697,-0.0214455122208077
2018-12-24,0.022699050323081865,1.0,0.0,1.0,1.0,1.0,1,1,0.022699050323081865,0.017699050323081864
2018-12-25,-0.02398228151857105,1.0,1.0,0.0,1.0,1.0,-1,1,-0.02398228151857105,-0.02398228151857105
2018-12-26,-0.03286903877682266,0.0,1.0,1.0,0.0,1.0,-1,-1,0.03286903877682266,0.027869038776822657
2018-12-27,-0.022748672768085947,0.0,0.0,1.0,1.0,0.0,-1,-1,0.022748672768085947,0.022748672768085947
2018-12-28,0.010211568655962929,0.0,0.0,0.0,1.0,1.0,1,-1,-0.010211568655962929,-0.010211568655962929
2018-12-29,0.040284580205255834,1.0,0.0,0.0,0.0,1.0,1,1,0.040284580205255834,0.035284580205255836
2018-12-30,-0.005631031367365735,1.0,1.0,0.0,0.0,0.0,-1,1,-0.005631031367365735,-0.005631031367365735
2018-12-31,-0.027652055624181552,0.0,1.0,1.0,0.0,0.0,-1,-1,0.027652055624181552,0.02265205562418155
2019-01-01,-0.013783873965619916,0.0,0.0,1.0,1.0,0.0,-1,-1,0.013783873965619916,0.013783873965619916
2019-01-02,0.028473641823342787,0.0,0.0,0.0,1.0,1.0,1,-1,-0.028473641823342787,-0.028473641823342787
2019-01-03,0.008123500621465192,1.0,0.0,0.0,0.0,1.0,1,1,0.008123500621465192,0.003123500621465192
2019-01-04,-0.011610491352460112,1.0,1.0,0.0,0.0,0.0,-1,1,-0.011610491352460112,-0.011610491352460112
2019-01-05,0.0029792548538452646,0.0,1.0,1.0,0.0,0.0,1,-1,-0.0029792548538452646,-0.007979254853845265
2019-01-06,0.027837413950212164,1.0,0.0,1.0,1.0,0.0,1,1,0.027837413950212164,0.022837413950212163
2019-01-07,0.02164246506806056,1.0,1.0,0.0,1.0,1.0,1,1,0.02164246506806056,0.02164246506806056
2019-01-08,-0.004927998097577675,1.0,1.0,1.0,0.0,1.0,-1,1,-0.004927998097577675,-0.004927998097577675
2019-01-09,0.000964824741743016,0.0,1.0,1.0,1.0,0.0,1,-1,-0.000964824741743016,-0.0059648247417430165
2019-01-10,-0.04839227528381902,1.0,0.0,1.0,1.0,1.0,-1,1,-0.04839227528381902,-0.05339227528381902
2019-01-11,-0.052770048748519385,0.0,1.0,0.0,1.0,1.0,-1,-1,0.052770048748519385,0.04777004874851939
2019-01-12,0.00037427552852558905,0.0,0.0,1.0,0.0,1.0,1,-1,-0.00037427552852558905,-0.00037427552852558905
2019-01-13,-0.015672183405882223,1.0,0.0,0.0,1.0,0.0,-1,1,-0.015672183405882223,-0.020672183405882224
2019-01-14,0.004626975459857464,0.0,1.0,0.0,0.0,1.0,1,-1,-0.004626975459857464,-0.009626975459857464
2019-01-15,0.009965711842846225,1.0,0.0,1.0,0.0,0.0,1,1,0.009965711842846225,0.004965711842846225
2019-01-16,-0.011459560188977166,1.0,1.0,0.0,1.0,0.0,-1,1,-0.011459560188977166,-0.011459560188977166
2019-01-17,0.008257953639661446,0.0,1.0,1.0,0.0,1.0,1,-1,-0.008257953639661446,-0.013257953639661445
2019-01-18,0.004080322614545743,1.0,0.0,1.0,1.0,0.0,1,1,0.004080322614545743,-0.0009196773854542569
2019-01-19,0.008674536890411538,1.0,1.0,0.0,1.0,1.0,1,1,0.008674536890411538,0.008674536890411538
2019-01-20,-0.009528643864221574,1.0,1.0,1.0,0.0,1.0,-1,1,-0.009528643864221574,-0.009528643864221574
2019-01-21,-0.023154925855200792,0.0,1.0,1.0,1.0,0.0,-1,-1,0.023154925855200792,0.01815492585520079
2019-01-22,0.003816667936499311,0.0,0.0,1.0,1.0,1.0,1,-1,-0.003816667936499311,-0.003816667936499311
2019-01-23,0.00028151819323028596,1.0,0.0,0.0,1.0,1.0,1,1,0.00028151819323028596,-0.0047184818067697145
2019-01-24,-0.0019206352785782024,1.0,1.0,0.0,0.0,1.0,-1,1,-0.0019206352785782024,-0.0019206352785782024
2019-01-25,0.0020390722176652216,0.0,1.0,1.0,0.0,0.0,1,-1,-0.0020390722176652216,-0.007039072217665221
2019-01-26,0.002076635818025985,1.0,0.0,1.0,1.0,0.0,1,1,0.002076635818025985,-0.002923364181974015
2019-01-27,-0.0019289576391589493,1.0,1.0,0.0,1.0,1.0,-1,1,-0.0019289576391589493,-0.0019289576391589493
2019-01-28,-0.021546090717189523,0.0,1.0,1.0,0.0,1.0,-1,-1,0.021546090717189523,0.016546090717189522
2019-01-29,-0.021864880758530506,0.0,0.0,1.0,1.0,0.0,-1,-1,0.021864880758530506,0.021864880758530506
2019-01-30,0.002455754089522323,0.0,0.0,0.0,1.0,1.0,1,-1,-0.002455754089522323,-0.002455754089522323
2019-01-31,0.004059814983843116,1.0,0.0,0.0,0.0,1.0,1,1,0.004059814983843116,-0.0009401850161568845
2019-02-01,-0.0005031417548968356,1.0,1.0,0.0,0.0,0.0,-1,1,-0.0005031417548968356,-0.0005031417548968356
2019-02-02,0.003045338001095733,0.0,1.0,1.0,0.0,0.0,1,-1,-0.003045338001095733,-0.008045338001095734
2019-02-03,-0.004459248538003326,1.0,0.0,1.0,1.0,0.0,-1,1,-0.004459248538003326,-0.009459248538003326
2019-02-04,-0.005072924944457756,0.0,1.0,0.0,1.0,1.0,-1,-1,0.005072924944457756,7.292494445775618e-05
2019-02-05,0.0004758630564677988,0.0,0.0,1.0,0.0,1.0,1,-1,-0.0004758630564677988,-0.0004758630564677988
2019-02-06,-0.005608303996508312,1.0,0.0,0.0,1.0,0.0,-1,1,-0.005608303996508312,-0.010608303996508313
2019-02-07,-0.009109504155237284,0.0,1.0,0.0,0.0,1.0,-1,-1,0.009109504155237284,0.004109504155237284
2019-02-08,0.03403147204058603,0.0,0.0,1.0,0.0,0.0,1,-1,-0.03403147204058603,-0.03403147204058603
2019-02-09,0.037621399009468426,1.0,0.0,0.0,1.0,0.0,1,1,0.037621399009468426,0.03262139900946843
2019-02-10,0.003943533780087374,1.0,1.0,0.0,0.0,1.0,1,1,0.003943533780087374,0.003943533780087374
2019-02-11,-0.004064485837862967,1.0,1.0,1.0,0.0,0.0,-1,1,-0.004064485837862967,-0.004064485837862967
2019-02-12,-0.006341567064459413,0.0,1.0,1.0,1.0,0.0,-1,-1,0.006341567064459413,0.0013415670644594127
2019-02-13,-0.002255910255039004,0.0,0.0,1.0,1.0,1.0,-1,-1,0.002255910255039004,0.002255910255039004
2019-02-14,-0.0028406191265229557,0.0,0.0,0.0,1.0,1.0,-1,-1,0.0028406191265229557,0.0028406191265229557
2019-02-15,-0.0012632359715385125,0.0,0.0,0.0,0.0,1.0,-1,-1,0.0012632359715385125,0.0012632359715385125
2019-02-16,0.00454879269285601,0.0,0.0,0.0,0.0,0.0,1,-1,-0.00454879269285601,-0.00454879269285601
2019-02-17,0.008144292460733485,1.0,0.0,0.0,0.0,0.0,1,1,0.008144292460733485,0.003144292460733485
2019-02-18,0.03745677418993005,1.0,1.0,0.0,0.0,0.0,1,1,0.03745677418993005,0.03745677418993005
2019-02-19,0.037858697796270414,1.0,1.0,1.0,0.0,0.0,1,1,0.037858697796270414,0.037858697796270414
2019-02-20,0.0068655446382664435,1.0,1.0,1.0,1.0,0.0,1,1,0.0068655446382664435,0.0068655446382664435
2019-02-21,-0.0021166335950004228,1.0,1.0,1.0,1.0,1.0,-1,1,-0.0021166335950004228,-0.0021166335950004228
2019-02-22,0.004218688994613718,0.0,1.0,1.0,1.0,1.0,1,-1,-0.004218688994613718,-0.009218688994613717
2019-02-23,0.028363849757342137,1.0,0.0,1.0,1.0,1.0,1,1,0.028363849757342137,0.023363849757342136
2019-02-24,-0.023658492570590144,1.0,1.0,0.0,1.0,1.0,-1,1,-0.023658492570590144,-0.023658492570590144
2019-02-25,-0.03914179461188739,0.0,1.0,1.0,0.0,1.0,-1,-1,0.03914179461188739,0.03414179461188739
2019-02-26,0.0027554738367770878,0.0,0.0,1.0,1.0,0.0,1,-1,-0.0027554738367770878,-0.0027554738367770878
2019-02-27,-0.005814966011471434,1.0,0.0,0.0,1.0,1.0,-1,1,-0.005814966011471434,-0.010814966011471434
2019-02-28,0.0011680597969253824,0.0,1.0,0.0,0.0,1.0,1,-1,-0.0011680597969253824,-0.0061680597969253825
2019-03-01,0.004187752614385292,1.0,0.0,1.0,0.0,0.0,1,1,0.004187752614385292,-0.000812247385614708
2019-03-02,0.0019069758973658249,1.0,1.0,0.0,1.0,0.0,1,1,0.0019069758973658249,0.0019069758973658249
2019-03-03,-0.0034085227724776693,1.0,1.0,1.0,0.0,1.0,-1,1,-0.0034085227724776693,-0.0034085227724776693
2019-03-04,-0.01589990111848178,0.0,1.0,1.0,1.0,0.0,-1,-1,0.01589990111848178,0.01089990111848178
2019-03-05,0.007185729368619458,0.0,0.0,1.0,1.0,1.0,1,-1,-0.007185729368619458,-0.007185729368619458
2019-03-06,0.019793271255649825,1.0,0.0,0.0,1.0,1.0,1,1,0.019793271255649825,0.014793271255649824
2019-03-07,0.0033285285363087833,1.0,1.0,0.0,0.0,1.0,1,1,0.0033285285363087833,0.0033285285363087833
2019-03-08,-0.0026257769249040594,1.0,1.0,1.0,0.0,0.0,-1,1,-0.0026257769249040594,-0.0026257769249040594
2019-03-09,0.005188152587902416,0.0,1.0,1.0,1.0,0.0,1,-1,-0.005188152587902416,-0.010188152587902417
2019-03-10,0.010125846877086876,1.0,0.0,1.0,1.0,1.0,1,1,0.010125846877086876,0.005125846877086876
2019-03-11,-0.0063431848895719725,1.0,1.0,0.0,1.0,1.0,-1,1,-0.0063431848895719725,-0.0063431848895719725
2019-03-12,-0.004930545631015725,0.0,1.0,1.0,0.0,1.0,-1,-1,0.004930545631015725,-6.945436898427547e-05
2019-03-13,-0.0004155166584835143,0.0,0.0,1.0,1.0,0.0,-1,-1,0.0004155166584835143,0.0004155166584835143
2019-03-14,-0.0015774468339591055,0.0,0.0,0.0,1.0,1.0,-1,-1,0.0015774468339591055,0.0015774468339591055
2019-03-15,0.0057017994233409825,0.0,0.0,0.0,0.0,1.0,1,-1,-0.0057017994233409825,-0.0057017994233409825
2019-03-16,0.017984502041049306,1.0,0.0,0.0,0.0,0.0,1,1,0.017984502041049306,0.012984502041049305
2019-03-17,0.010258593486450002,1.0,1.0,0.0,0.0,0.0,1,1,0.010258593486450002,0.010258593486450002
2019-03-18,-0.00401051783611778,1.0,1.0,1.0,0.0,0.0,-1,1,-0.00401051783611778,-0.00401051783611778
2019-03-19,0.0018243893357660457,0.0,1.0,1.0,1.0,0.0,1,-1,-0.0018243893357660457,-0.006824389335766045
2019-03-20,0.007880249666035405,1.0,0.0,1.0,1.0,1.0,1,1,0.007880249666035405,0.0028802496660354044
2019-03-21,-0.0023971681999627606,1.0,1.0,0.0,1.0,1.0,-1,1,-0.0023971681999627606,-0.0023971681999627606
2019-03-22,-0.006276156897886928,0.0,1.0,1.0,0.0,1.0,-1,-1,0.006276156897886928,0.0012761568978869276
2019-03-23,0.00031355853588946054,0.0,0.0,1.0,1.0,0.0,1,-1,-0.00031355853588946054,-0.00031355853588946054
2019-03-24,-0.0016325799508667138,1.0,0.0,0.0,1.0,1.0,-1,1,-0.0016325799508667138,-0.006632579950866714
2019-03-25,-0.009835425556242021,0.0,1.0,0.0,0.0,1.0,-1,-1,0.009835425556242021,0.004835425556242021
2019-03-26,-0.007478445808797561,0.0,0.0,1.0,0.0,0.0,-1,-1,0.007478445808797561,0.007478445808797561
2019-03-27,0.013774559289334973,0.0,0.0,0.0,1.0,0.0,1,-1,-0.013774559289334973,-0.013774559289334973
2019-03-28,0.01255017168112115,1.0,0.0,0.0,0.0,1.0,1,1,0.01255017168112115,0.0075501716811211496
2019-03-29,0.008832076846305544,1.0,1.0,0.0,0.0,0.0,1,1,0.008832076846305544,0.008832076846305544
2019-03-30,0.009213926590763592,1.0,1.0,1.0,0.0,0.0,1,1,0.009213926590763592,0.009213926590763592
2019-03-31,0.0011451862361524063,1.0,1.0,1.0,1.0,0.0,1,1,0.0011451862361524063,0.0011451862361524063
2019-04-01,0.004731113074783509,1.0,1.0,1.0,1.0,1.0,1,1,0.004731113074783509,0.004731113074783509
2019-04-02,0.08034865095463477,1.0,1.0,1.0,1.0,1.0,1,1,0.08034865095463477,0.08034865095463477
2019-04-03,0.10912783417067963,1.0,1.0,1.0,1.0,1.0,1,1,0.10912783417067963,0.10912783417067963
2019-04-04,0.013691867197963866,1.0,1.0,1.0,1.0,1.0,1,1,0.013691867197963866,0.013691867197963866
2019-04-05,-0.016331560793411554,1.0,1.0,1.0,1.0,1.0,-1,1,-0.016331560793411554,-0.016331560793411554
2019-04-06,0.008536723181041274,0.0,1.0,1.0,1.0,1.0,1,-1,-0.008536723181041274,-0.013536723181041273
2019-04-07,0.014766367950460723,1.0,0.0,1.0,1.0,1.0,1,1,0.014766367950460723,0.009766367950460722
2019-04-08,0.025426338102148102,1.0,1.0,0.0,1.0,1.0,1,1,0.025426338102148102,0.025426338102148102
2019-04-09,0.0055189630998108965,1.0,1.0,1.0,0.0,1.0,1,1,0.0055189630998108965,0.0055189630998108965
2019-04-10,0.0011959199455611861,1.0,1.0,1.0,1.0,0.0,1,1,0.0011959199455611861,0.0011959199455611861
2019-04-11,-0.01872846988696683,1.0,1.0,1.0,1.0,1.0,-1,1,-0.01872846988696683,-0.01872846988696683
2019-04-12,-0.022276076098729163,0.0,1.0,1.0,1.0,1.0,-1,-1,0.022276076098729163,0.01727607609872916
2019-04-13,0.005511124270251069,0.0,0.0,1.0,1.0,1.0,1,-1,-0.005511124270251069,-0.005511124270251069
2019-04-14,0.004267163511034835,1.0,0.0,0.0,1.0,1.0,1,1,0.004267163511034835,-0.000732836488965165
2019-04-15,-0.0056374173996785685,1.0,1.0,0.0,0.0,1.0,-1,1,-0.0056374173996785685,-0.0056374173996785685
2019-04-16,0.009691217905780997,0.0,1.0,1.0,0.0,0.0,1,-1,-0.009691217905780997,-0.014691217905780998
2019-04-17,0.020598168024141862,1.0,0.0,1.0,1.0,0.0,1,1,0.020598168024141862,0.015598168024141861
2019-04-18,0.008527652584182189,1.0,1.0,0.0,1.0,1.0,1,1,0.008527652584182189,0.008527652584182189
2019-04-19,0.0033511112263383547,1.0,1.0,1.0,0.0,1.0,1,1,0.0033511112263383547,0.0033511112263383547
2019-04-20,-0.00159842348170912,1.0,1.0,1.0,1.0,0.0,-1,1,-0.00159842348170912,-0.00159842348170912
2019-04-21,0.0005223696394914646,0.0,1.0,1.0,1.0,1.0,1,-1,-0.0005223696394914646,-0.005522369639491465
2019-04-22,0.0102537874391468,1.0,0.0,1.0,1.0,1.0,1,1,0.0102537874391468,0.005253787439146801
2019-04-23,0.02724435113768076,1.0,1.0,0.0,1.0,1.0,1,1,0.02724435113768076,0.02724435113768076
2019-04-24,0.004572235569344748,1.0,1.0,1.0,0.0,1.0,1,1,0.004572235569344748,0.004572235569344748
2019-04-25,-0.01600710071684872,1.0,1.0,1.0,1.0,0.0,-1,1,-0.01600710071684872,-0.01600710071684872
2019-04-26,-0.021306388933872992,0.0,1.0,1.0,1.0,1.0,-1,-1,0.021306388933872992,0.01630638893387299
2019-04-27,-0.013189699885144391,0.0,0.0,1.0,1.0,1.0,-1,-1,0.013189699885144391,0.013189699885144391
2019-04-28,0.004201544840815465,0.0,0.0,0.0,1.0,1.0,1,-1,-0.004201544840815465,-0.004201544840815465
2019-04-29,-0.005255411454322761,1.0,0.0,0.0,0.0,1.0,-1,1,-0.005255411454322761,-0.01025541145432276
2019-04-30,0.008695450622346439,0.0,1.0,0.0,0.0,0.0,1,-1,-0.008695450622346439,-0.01369545062234644
2019-05-01,0.015088736040662637,1.0,0.0,1.0,0.0,0.0,1,1,0.015088736040662637,0.010088736040662637
2019-05-02,0.014582309050514976,1.0,1.0,0.0,1.0,0.0,1,1,0.014582309050514976,0.014582309050514976
2019-05-03,0.03764207698332965,1.0,1.0,1.0,0.0,1.0,1,1,0.03764207698332965,0.03764207698332965
2019-05-04,0.0300295424896934,1.0,1.0,1.0,1.0,0.0,1,1,0.0300295424896934,0.0300295424896934
2019-05-05,0.003098764475738013,1.0,1.0,1.0,1.0,1.0,1,1,0.003098764475738013,0.003098764475738013
2019-05-06,-0.008053711725068068,1.0,1.0,1.0,1.0,1.0,-1,1,-0.008053711725068068,-0.008053711725068068
2019-05-07,0.011150586803428782,0.0,1.0,1.0,1.0,1.0,1,-1,-0.011150586803428782,-0.016150586803428783
2019-05-08,0.0167115283204973,1.0,0.0,1.0,1.0,1.0,1,1,0.0167115283204973,0.011711528320497298
2019-05-09,0.015635431469252798,1.0,1.0,0.0,1.0,1.0,1,1,0.015635431469252798,0.015635431469252798
2019-05-10,0.031864275681055064,1.0,1.0,1.0,0.0,1.0,1,1,0.031864275681055064,0.031864275681055064
2019-05-11,0.07028127627703294,1.0,1.0,1.0,1.0,0.0,1,1,0.07028127627703294,0.07028127627703294
2019-05-12,0.05779336738989464,1.0,1.0,1.0,1.0,1.0,1,1,0.05779336738989464,0.05779336738989464
2019-05-13,0.06970373988879269,1.0,1.0,1.0,1.0,1.0,1,1,0.06970373988879269,0.06970373988879269
2019-05-14,0.04070665638960535,1.0,1.0,1.0,1.0,1.0,1,1,0.04070665638960535,0.04070665638960535
2019-05-15,0.003448556105378297,1.0,1.0,1.0,1.0,1.0,1,1,0.003448556105378297,0.003448556105378297
2019-05-16,0.00945083792542054,1.0,1.0,1.0,1.0,1.0,1,1,0.00945083792542054,0.00945083792542054
2019-05-17,-0.056164797728379706,1.0,1.0,1.0,1.0,1.0,-1,1,-0.056164797728379706,-0.056164797728379706
2019-05-18,-0.038559021113522704,0.0,1.0,1.0,1.0,1.0,-1,-1,0.038559021113522704,0.033559021113522707
2019-05-19,0.0538005872706995,0.0,0.0,1.0,1.0,1.0,1,-1,-0.0538005872706995,-0.0538005872706995
2019-05-20,0.04508318458142445,1.0,0.0,0.0,1.0,1.0,1,1,0.04508318458142445,0.04008318458142445
2019-05-21,-0.005536949170958433,1.0,1.0,0.0,0.0,1.0,-1,1,-0.005536949170958433,-0.005536949170958433
2019-05-22,-0.023109557270159918,0.0,1.0,1.0,0.0,0.0,-1,-1,0.023109557270159918,0.018109557270159917
2019-05-23,-0.0051805764714968686,0.0,0.0,1.0,1.0,0.0,-1,-1,0.0051805764714968686,0.0051805764714968686
2019-05-24,0.024289844770010133,0.0,0.0,0.0,1.0,1.0,1,-1,-0.024289844770010133,-0.024289844770010133
2019-05-25,0.007968492587470333,1.0,0.0,0.0,0.0,1.0,1,1,0.007968492587470333,0.0029684925874703333
2019-05-26,0.03579342112498115,1.0,1.0,0.0,0.0,0.0,1,1,0.03579342112498115,0.03579342112498115
2019-05-27,0.04476246422925732,1.0,1.0,1.0,0.0,0.0,1,1,0.04476246422925732,0.04476246422925732
2019-05-28,0.0037413558487937753,1.0,1.0,1.0,1.0,0.0,1,1,0.0037413558487937753,0.0037413558487937753
2019-05-29,-0.00843004985483506,1.0,1.0,1.0,1.0,1.0,-1,1,-0.00843004985483506,-0.00843004985483506
2019-05-30,-0.028624749495895684,0.0,1.0,1.0,1.0,1.0,-1,-1,0.028624749495895684,0.023624749495895683
2019-05-31,-0.008511869361759553,0.0,0.0,1.0,1.0,1.0,-1,-1,0.008511869361759553,0.008511869361759553
2019-06-01,0.022514344010398462,0.0,0.0,0.0,1.0,1.0,1,-1,-0.022514344010398462,-0.022514344010398462
2019-06-02,0.010658481332514519,1.0,0.0,0.0,0.0,1.0,1,1,0.010658481332514519,0.0056584813325145185
2019-06-03,-0.00653012708828448,1.0,1.0,0.0,0.0,0.0,-1,1,-0.00653012708828448,-0.00653012708828448
2019-06-04,-0.07256832211284675,0.0,1.0,1.0,0.0,0.0,-1,-1,0.07256832211284675,0.06756832211284675
2019-06-05,-0.04928538551267423,0.0,0.0,1.0,1.0,0.0,-1,-1,0.04928538551267423,0.04928538551267423
2019-06-06,0.017359407309403437,0.0,0.0,0.0,1.0,1.0,1,-1,-0.017359407309403437,-0.017359407309403437
2019-06-07,0.013864606631535832,1.0,0.0,0.0,0.0,1.0,1,1,0.013864606631535832,0.008864606631535831
2019-06-08,0.00952485349289747,1.0,1.0,0.0,0.0,0.0,1,1,0.00952485349289747,0.00952485349289747
2019-06-09,-0.019496986353855623,1.0,1.0,1.0,0.0,0.0,-1,1,-0.019496986353855623,-0.019496986353855623
2019-06-10,0.003365239895253108,0.0,1.0,1.0,1.0,0.0,1,-1,-0.003365239895253108,-0.008365239895253108
2019-06-11,0.016990008703764884,1.0,0.0,1.0,1.0,1.0,1,1,0.016990008703764884,0.011990008703764883
2019-06-12,0.012760800229904393,1.0,1.0,0.0,1.0,1.0,1,1,0.012760800229904393,0.012760800229904393
2019-06-13,0.024437918226290937,1.0,1.0,1.0,0.0,1.0,1,1,0.024437918226290937,0.024437918226290937
2019-06-14,0.027728647442369782,1.0,1.0,1.0,1.0,0.0,1,1,0.027728647442369782,0.027728647442369782
2019-06-15,0.029616197437004166,1.0,1.0,1.0,1.0,1.0,1,1,0.029616197437004166,0.029616197437004166
2019-06-16,0.023956193235479307,1.0,1.0,1.0,1.0,1.0,1,1,0.023956193235479307,0.023956193235479307
2019-06-17,0.025989268502415862,1.0,1.0,1.0,1.0,1.0,1,1,0.025989268502415862,0.025989268502415862
2019-06-18,-0.00158549761811811,1.0,1.0,1.0,1.0,1.0,-1,1,-0.00158549761811811,-0.00158549761811811
2019-06-19,-0.0032755826201670076,0.0,1.0,1.0,1.0,1.0,-1,-1,0.0032755826201670076,-0.0017244173798329925
2019-06-20,0.02756204180093445,0.0,0.0,1.0,1.0,1.0,1,-1,-0.02756204180093445,-0.02756204180093445
2019-06-21,0.036604322043455664,1.0,0.0,0.0,1.0,1.0,1,1,0.036604322043455664,0.03160432204345567
2019-06-22,0.05360223587916536,1.0,1.0,0.0,0.0,1.0,1,1,0.05360223587916536,0.05360223587916536
2019-06-23,0.048563292226623624,1.0,1.0,1.0,0.0,0.0,1,1,0.048563292226623624,0.048563292226623624
2019-06-24,0.015526788923038909,1.0,1.0,1.0,1.0,0.0,1,1,0.015526788923038909,0.015526788923038909
2019-06-25,0.027579341093523137,1.0,1.0,1.0,1.0,1.0,1,1,0.027579341093523137,0.027579341093523137
2019-06-26,0.06407552057944185,1.0,1.0,1.0,1.0,1.0,1,1,0.06407552057944185,0.06407552057944185
2019-06-27,-0.03351794377879897,1.0,1.0,1.0,1.0,1.0,-1,1,-0.03351794377879897,-0.03351794377879897
2019-06-28,-0.00721019228324315,0.0,1.0,1.0,1.0,1.0,-1,-1,0.00721019228324315,0.00221019228324315
2019-06-29,0.05073048081235433,0.0,0.0,1.0,1.0,1.0,1,-1,-0.05073048081235433,-0.05073048081235433
2019-06-30,-0.04179815328536936,1.0,0.0,0.0,1.0,1.0,-1,1,-0.04179815328536936,-0.046798153285369355
2019-07-01,-0.060522897727562246,0.0,1.0,0.0,0.0,1.0,-1,-1,0.060522897727562246,0.05552289772756225
2019-07-02,-0.027990712322588054,0.0,0.0,1.0,0.0,0.0,-1,-1,0.027990712322588054,0.027990712322588054
2019-07-03,0.03872305543098586,0.0,0.0,0.0,1.0,0.0,1,-1,-0.03872305543098586,-0.03872305543098586
2019-07-04,0.0394890920454726,1.0,0.0,0.0,0.0,1.0,1,1,0.0394890920454726,0.034489092045472604
2019-07-05,-0.014624845214110125,1.0,1.0,0.0,0.0,0.0,-1,1,-0.014624845214110125,-0.014624845214110125
2019-07-06,-0.016974187537066858,0.0,1.0,1.0,0.0,0.0,-1,-1,0.016974187537066858,0.011974187537066857
2019-07-07,0.020204071993803755,0.0,0.0,1.0,1.0,0.0,1,-1,-0.020204071993803755,-0.020204071993803755
2019-07-08,0.04924469526598364,1.0,0.0,0.0,1.0,1.0,1,1,0.04924469526598364,0.044244695265983645
2019-07-09,0.04151717688642126,1.0,1.0,0.0,0.0,1.0,1,1,0.04151717688642126,0.04151717688642126
2019-07-10,-0.016130208310361615,1.0,1.0,1.0,0.0,0.0,-1,1,-0.016130208310361615,-0.016130208310361615
2019-07-11,-0.05242868660950515,0.0,1.0,1.0,1.0,0.0,-1,-1,0.05242868660950515,0.04742868660950515
2019-07-12,-0.00608049692068262,0.0,0.0,1.0,1.0,1.0,-1,-1,0.00608049692068262,0.00608049692068262
2019-07-13,-0.0120684118058784,0.0,0.0,0.0,1.0,1.0,-1,-1,0.0120684118058784,0.0120684118058784
2019-07-14,-0.050883087194891034,0.0,0.0,0.0,0.0,1.0,-1,-1,0.050883087194891034,0.050883087194891034
2019-07-15,-0.012936077891222364,0.0,0.0,0.0,0.0,0.0,-1,-1,0.012936077891222364,0.012936077891222364
2019-07-16,-0.04832973962522305,0.0,0.0,0.0,0.0,0.0,-1,-1,0.04832973962522305,0.04832973962522305
2019-07-17,-0.04682124499564111,0.0,0.0,0.0,0.0,0.0,-1,-1,0.04682124499564111,0.04682124499564111
2019-07-18,0.047819667101477885,0.0,0.0,0.0,0.0,0.0,1,-1,-0.047819667101477885,-0.047819667101477885
2019-07-19,0.0353715677683914,1.0,0.0,0.0,0.0,0.0,1,1,0.0353715677683914,0.030371567768391398
2019-07-20,0.017229727753981253,1.0,1.0,0.0,0.0,0.0,1,1,0.017229727753981253,0.017229727753981253
2019-07-21,9.708988184721799e-05,1.0,1.0,1.0,0.0,0.0,1,1,9.708988184721799e-05,9.708988184721799e-05
2019-07-22,-0.032493455039970365,1.0,1.0,1.0,1.0,0.0,-1,1,-0.032493455039970365,-0.032493455039970365
2019-07-23,-0.021345995578496542,0.0,1.0,1.0,1.0,1.0,-1,-1,0.021345995578496542,0.01634599557849654
2019-07-24,-0.02465546705183728,0.0,0.0,1.0,1.0,1.0,-1,-1,0.02465546705183728,0.02465546705183728
2019-07-25,-0.011437711163859337,0.0,0.0,0.0,1.0,1.0,-1,-1,0.011437711163859337,0.011437711163859337
2019-07-26,0.0029150441176494404,0.0,0.0,0.0,0.0,1.0,1,-1,-0.0029150441176494404,-0.0029150441176494404
2019-07-27,-0.019936531010953037,1.0,0.0,0.0,0.0,0.0,-1,1,-0.019936531010953037,-0.02493653101095304
2019-07-28,-0.019740304648961544,0.0,1.0,0.0,0.0,0.0,-1,-1,0.019740304648961544,0.014740304648961543
2019-07-29,-0.00023677020244241737,0.0,0.0,1.0,0.0,0.0,-1,-1,0.00023677020244241737,0.00023677020244241737
2019-07-30,0.006827439609477279,0.0,0.0,0.0,1.0,0.0,1,-1,-0.006827439609477279,-0.006827439609477279
2019-07-31,0.02826037032240538,1.0,0.0,0.0,0.0,1.0,1,1,0.02826037032240538,0.02326037032240538
2019-08-01,0.041427623882144576,1.0,1.0,0.0,0.0,0.0,1,1,0.041427623882144576,0.041427623882144576
2019-08-02,0.01829028983442252,1.0,1.0,1.0,0.0,0.0,1,1,0.01829028983442252,0.01829028983442252
2019-08-03,0.01967573716569576,1.0,1.0,1.0,1.0,0.0,1,1,0.01967573716569576,0.01967573716569576
2019-08-04,0.02516382978602389,1.0,1.0,1.0,1.0,1.0,1,1,0.02516382978602389,0.02516382978602389
2019-08-05,0.040363272274398246,1.0,1.0,1.0,1.0,1.0,1,1,0.040363272274398246,0.040363272274398246
2019-08-06,0.01786641585868936,1.0,1.0,1.0,1.0,1.0,1,1,0.01786641585868936,0.01786641585868936
2019-08-07,0.008528144563816436,1.0,1.0,1.0,1.0,1.0,1,1,0.008528144563816436,0.008528144563816436
2019-08-08,0.014833994678223725,1.0,1.0,1.0,1.0,1.0,1,1,0.014833994678223725,0.014833994678223725
2019-08-09,-0.0006782685806017556,1.0,1.0,1.0,1.0,1.0,-1,1,-0.0006782685806017556,-0.0006782685806017556
2019-08-10,-0.01785741542507228,0.0,1.0,1.0,1.0,1.0,-1,-1,0.01785741542507228,0.01285741542507228
2019-08-11,-0.017946648389538186,0.0,0.0,1.0,1.0,1.0,-1,-1,0.017946648389538186,0.017946648389538186
2019-08-12,0.0038598775402751626,0.0,0.0,0.0,1.0,1.0,1,-1,-0.0038598775402751626,-0.0038598775402751626
2019-08-13,-0.02786307621137506,1.0,0.0,0.0,0.0,1.0,-1,1,-0.02786307621137506,-0.03286307621137506
2019-08-14,-0.05562652598844704,0.0,1.0,0.0,0.0,0.0,-1,-1,0.05562652598844704,0.050626525988447045
2019-08-15,-0.025328106742876954,0.0,0.0,1.0,0.0,0.0,-1,-1,0.025328106742876954,0.025328106742876954
2019-08-16,0.012219817592725443,0.0,0.0,0.0,1.0,0.0,1,-1,-0.012219817592725443,-0.012219817592725443
2019-08-17,-0.009579700650813282,1.0,0.0,0.0,0.0,1.0,-1,1,-0.009579700650813282,-0.014579700650813283
2019-08-18,-0.0011322228393656401,0.0,1.0,0.0,0.0,0.0,-1,-1,0.0011322228393656401,-0.00386777716063436
2019-08-19,0.027915666371794184,0.0,0.0,1.0,0.0,0.0,1,-1,-0.027915666371794184,-0.027915666371794184
2019-08-20,0.017183768803663492,1.0,0.0,0.0,1.0,0.0,1,1,0.017183768803663492,0.012183768803663491
2019-08-21,-0.03129352500402458,1.0,1.0,0.0,0.0,1.0,-1,1,-0.03129352500402458,-0.03129352500402458
2019-08-22,-0.03247096269624763,0.0,1.0,1.0,0.0,0.0,-1,-1,0.03247096269624763,0.027470962696247627
2019-08-23,0.0186723456143933,0.0,0.0,1.0,1.0,0.0,1,-1,-0.0186723456143933,-0.0186723456143933
2019-08-24,-0.003279958467531709,1.0,0.0,0.0,1.0,1.0,-1,1,-0.003279958467531709,-0.008279958467531708
2019-08-25,-0.020733317315467716,0.0,1.0,0.0,0.0,1.0,-1,-1,0.020733317315467716,0.015733317315467715
2019-08-26,0.009606351309900956,0.0,0.0,1.0,0.0,0.0,1,-1,-0.009606351309900956,-0.009606351309900956
2019-08-27,0.0069641957154802725,1.0,0.0,0.0,1.0,0.0,1,1,0.0069641957154802725,0.0019641957154802724
2019-08-28,-0.02699749780749516,1.0,1.0,0.0,0.0,1.0,-1,1,-0.02699749780749516,-0.02699749780749516
2019-08-29,-0.03180662139300814,0.0,1.0,1.0,0.0,0.0,-1,-1,0.03180662139300814,0.02680662139300814
2019-08-30,-0.006760253463631436,0.0,0.0,1.0,1.0,0.0,-1,-1,0.006760253463631436,0.006760253463631436
2019-08-31,0.008096564882830585,0.0,0.0,0.0,1.0,1.0,1,-1,-0.008096564882830585,-0.008096564882830585
2019-09-01,0.0059320923442312415,1.0,0.0,0.0,0.0,1.0,1,1,0.0059320923442312415,0.0009320923442312414
2019-09-02,0.03651231782810704,1.0,1.0,0.0,0.0,0.0,1,1,0.03651231782810704,0.03651231782810704
2019-09-03,0.04801232699995715,1.0,1.0,1.0,0.0,0.0,1,1,0.04801232699995715,0.04801232699995715
2019-09-04,0.012519129049046685,1.0,1.0,1.0,1.0,0.0,1,1,0.012519129049046685,0.012519129049046685
2019-09-05,-0.006422492741398418,1.0,1.0,1.0,1.0,1.0,-1,1,-0.006422492741398418,-0.006422492741398418
2019-09-06,-0.011442259200160593,0.0,1.0,1.0,1.0,1.0,-1,-1,0.011442259200160593,0.006442259200160593
2019-09-07,-0.0013846593991047153,0.0,0.0,1.0,1.0,1.0,-1,-1,0.0013846593991047153,0.0013846593991047153
2019-09-08,-0.0002533941588310457,0.0,0.0,0.0,1.0,1.0,-1,-1,0.0002533941588310457,0.0002533941588310457
2019-09-09,-0.011354816158949486,0.0,0.0,0.0,0.0,1.0,-1,-1,0.011354816158949486,0.011354816158949486
2019-09-10,-0.015594797263227681,0.0,0.0,0.0,0.0,0.0,-1,-1,0.015594797263227681,0.015594797263227681
2019-09-11,-0.005548883224027149,0.0,0.0,0.0,0.0,0.0,-1,-1,0.005548883224027149,0.005548883224027149
2019-09-12,0.015055559965626509,0.0,0.0,0.0,0.0,0.0,1,-1,-0.015055559965626509,-0.015055559965626509
2019-09-13,0.006535977307605051,1.0,0.0,0.0,0.0,0.0,1,1,0.006535977307605051,0.0015359773076050508
2019-09-14,-0.0008886703330913232,1.0,1.0,0.0,0.0,0.0,-1,1,-0.0008886703330913232,-0.0008886703330913232
2019-09-15,-3.815181961709875e-05,0.0,1.0,1.0,0.0,0.0,-1,-1,3.815181961709875e-05,-0.004961848180382901
2019-09-16,-0.004045096252037827,0.0,0.0,1.0,1.0,0.0,-1,-1,0.004045096252037827,0.004045096252037827
2019-09-17,-0.003910605801899736,0.0,0.0,0.0,1.0,1.0,-1,-1,0.003910605801899736,0.003910605801899736
2019-09-18,-0.005660938683898991,0.0,0.0,0.0,0.0,1.0,-1,-1,0.005660938683898991,0.005660938683898991
2019-09-19,0.0025561743686735856,0.0,0.0,0.0,0.0,0.0,1,-1,-0.0025561743686735856,-0.0025561743686735856
2019-09-20,-0.003973979174504953,1.0,0.0,0.0,0.0,0.0,-1,1,-0.003973979174504953,-0.008973979174504952
2019-09-21,-0.014217608974254753,0.0,1.0,0.0,0.0,0.0,-1,-1,0.014217608974254753,0.009217608974254752
2019-09-22,-0.0026914136798355977,0.0,0.0,1.0,0.0,0.0,-1,-1,0.0026914136798355977,0.0026914136798355977
2019-09-23,-0.011581932785068482,0.0,0.0,0.0,1.0,0.0,-1,-1,0.011581932785068482,0.011581932785068482
2019-09-24,-0.07317075720191495,0.0,0.0,0.0,0.0,1.0,-1,-1,0.07317075720191495,0.07317075720191495
2019-09-25,-0.06480347664146913,0.0,0.0,0.0,0.0,0.0,-1,-1,0.06480347664146913,0.06480347664146913
2019-09-26,-0.033922557660271316,0.0,0.0,0.0,0.0,0.0,-1,-1,0.033922557660271316,0.033922557660271316
2019-09-27,-0.021637168333988713,0.0,0.0,0.0,0.0,0.0,-1,-1,0.021637168333988713,0.021637168333988713
2019-09-28,0.0040331971317923545,0.0,0.0,0.0,0.0,0.0,1,-1,-0.0040331971317923545,-0.0040331971317923545
2019-09-29,-0.011291899704416799,1.0,0.0,0.0,0.0,0.0,-1,1,-0.011291899704416799,-0.016291899704416798
2019-09-30,0.006756010157439029,0.0,1.0,0.0,0.0,0.0,1,-1,-0.006756010157439029,-0.011756010157439028
2019-10-01,0.015990454657087698,1.0,0.0,1.0,0.0,0.0,1,1,0.015990454657087698,0.010990454657087697
2019-10-02,0.001065061624850561,1.0,1.0,0.0,1.0,0.0,1,1,0.001065061624850561,0.001065061624850561
2019-10-03,-0.007893763759794859,1.0,1.0,1.0,0.0,1.0,-1,1,-0.007893763759794859,-0.007893763759794859
2019-10-04,-0.005388247335519079,0.0,1.0,1.0,1.0,0.0,-1,-1,0.005388247335519079,0.0003882473355190791
2019-10-05,-0.001555235432115728,0.0,0.0,1.0,1.0,1.0,-1,-1,0.001555235432115728,0.001555235432115728
2019-10-06,-0.015559606267783382,0.0,0.0,0.0,1.0,1.0,-1,-1,0.015559606267783382,0.015559606267783382
2019-10-07,0.002712380424047864,0.0,0.0,0.0,0.0,1.0,1,-1,-0.002712380424047864,-0.002712380424047864
2019-10-08,0.014303003503678503,1.0,0.0,0.0,0.0,0.0,1,1,0.014303003503678503,0.009303003503678502
2019-10-09,0.021508477242360616,1.0,1.0,0.0,0.0,0.0,1,1,0.021508477242360616,0.021508477242360616
2019-10-10,0.02362994982411897,1.0,1.0,1.0,0.0,0.0,1,1,0.02362994982411897,0.02362994982411897
2019-10-11,-0.013964874819095956,1.0,1.0,1.0,1.0,0.0,-1,1,-0.013964874819095956,-0.013964874819095956
2019-10-12,-0.0130462516944511,0.0,1.0,1.0,1.0,1.0,-1,-1,0.0130462516944511,0.008046251694451102
2019-10-13,0.008032809287448454,0.0,0.0,1.0,1.0,1.0,1,-1,-0.008032809287448454,-0.008032809287448454
2019-10-14,-0.010573812433356342,1.0,0.0,0.0,1.0,1.0,-1,1,-0.010573812433356342,-0.015573812433356343
2019-10-15,-0.009528305326400005,0.0,1.0,0.0,0.0,1.0,-1,-1,0.009528305326400005,0.004528305326400005
2019-10-16,-0.020560949713139827,0.0,0.0,1.0,0.0,0.0,-1,-1,0.020560949713139827,0.020560949713139827
2019-10-17,-0.004767386810267898,0.0,0.0,0.0,1.0,0.0,-1,-1,0.004767386810267898,0.004767386810267898
2019-10-18,-0.0014878620614555476,0.0,0.0,0.0,0.0,1.0,-1,-1,0.0014878620614555476,0.0014878620614555476
2019-10-19,-0.006959394068657897,0.0,0.0,0.0,0.0,0.0,-1,-1,0.006959394068657897,0.006959394068657897
2019-10-20,0.015854775454098025,0.0,0.0,0.0,0.0,0.0,1,-1,-0.015854775454098025,-0.015854775454098025
2019-10-21,0.015530718933565705,1.0,0.0,0.0,0.0,0.0,1,1,0.015530718933565705,0.010530718933565705
2019-10-22,-0.006625023125840162,1.0,1.0,0.0,0.0,0.0,-1,1,-0.006625023125840162,-0.006625023125840162
2019-10-23,-0.0488024350018823,0.0,1.0,1.0,0.0,0.0,-1,-1,0.0488024350018823,0.0438024350018823
2019-10-24,-0.04272315962316798,0.0,0.0,1.0,1.0,0.0,-1,-1,0.04272315962316798,0.04272315962316798
2019-10-25,0.07491187282938103,0.0,0.0,0.0,1.0,1.0,1,-1,-0.07491187282938103,-0.07491187282938103
2019-10-26,0.10552490336903914,1.0,0.0,0.0,0.0,1.0,1,1,0.10552490336903914,0.10052490336903913
2019-10-27,0.05270002764763102,1.0,1.0,0.0,0.0,0.0,1,1,0.05270002764763102,0.05270002764763102
2019-10-28,0.011799716727407344,1.0,1.0,1.0,0.0,0.0,1,1,0.011799716727407344,0.011799716727407344
2019-10-29,-0.005978302426260643,1.0,1.0,1.0,1.0,0.0,-1,1,-0.005978302426260643,-0.005978302426260643
2019-10-30,-0.012631127043289711,0.0,1.0,1.0,1.0,1.0,-1,-1,0.012631127043289711,0.007631127043289711
2019-10-31,-0.01770781920163215,0.0,0.0,1.0,1.0,1.0,-1,-1,0.01770781920163215,0.01770781920163215
2019-11-01,-7.131659973088542e-05,0.0,0.0,0.0,1.0,1.0,-1,-1,7.131659973088542e-05,7.131659973088542e-05
2019-11-02,0.009383573618896707,0.0,0.0,0.0,0.0,1.0,1,-1,-0.009383573618896707,-0.009383573618896707
2019-11-03,0.000551049758315205,1.0,0.0,0.0,0.0,0.0,1,1,0.000551049758315205,-0.004448950241684796
2019-11-04,0.004634682196471247,1.0,1.0,0.0,0.0,0.0,1,1,0.004634682196471247,0.004634682196471247
2019-11-05,0.0057710436606054,1.0,1.0,1.0,0.0,0.0,1,1,0.0057710436606054,0.0057710436606054
2019-11-06,-0.002726488676754936,1.0,1.0,1.0,1.0,0.0,-1,1,-0.002726488676754936,-0.002726488676754936
2019-11-07,-0.005870780133480804,0.0,1.0,1.0,1.0,1.0,-1,-1,0.005870780133480804,0.0008707801334808035
2019-11-08,-0.02910368656353932,0.0,0.0,1.0,1.0,1.0,-1,-1,0.02910368656353932,0.02910368656353932
2019-11-09,-0.02283008209316202,0.0,0.0,0.0,1.0,1.0,-1,-1,0.02283008209316202,0.02283008209316202
2019-11-10,0.015307959390456056,0.0,0.0,0.0,0.0,1.0,1,-1,-0.015307959390456056,-0.015307959390456056
2019-11-11,-0.005311363954168998,1.0,0.0,0.0,0.0,0.0,-1,1,-0.005311363954168998,-0.010311363954168998
2019-11-12,-0.018228954067539473,0.0,1.0,0.0,0.0,0.0,-1,-1,0.018228954067539473,0.013228954067539472
2019-11-13,0.00265078595894909,0.0,0.0,1.0,0.0,0.0,1,-1,-0.00265078595894909,-0.00265078595894909
2019-11-14,-0.007072575409279554,1.0,0.0,0.0,1.0,0.0,-1,1,-0.007072575409279554,-0.012072575409279553
2019-11-15,-0.01433543503814661,0.0,1.0,0.0,0.0,1.0,-1,-1,0.01433543503814661,0.00933543503814661
2019-11-16,-0.00955248747776439,0.0,0.0,1.0,0.0,0.0,-1,-1,0.00955248747776439,0.00955248747776439
2019-11-17,0.002169128190723391,0.0,0.0,0.0,1.0,0.0,1,-1,-0.002169128190723391,-0.002169128190723391
2019-11-18,-0.01619294298049446,1.0,0.0,0.0,0.0,1.0,-1,1,-0.01619294298049446,-0.02119294298049446
2019-11-19,-0.02496733776649858,0.0,1.0,0.0,0.0,0.0,-1,-1,0.02496733776649858,0.019967337766498578
2019-11-20,-0.007357900113352927,0.0,0.0,1.0,0.0,0.0,-1,-1,0.007357900113352927,0.007357900113352927
2019-11-21,-0.03193432759913115,0.0,0.0,0.0,1.0,0.0,-1,-1,0.03193432759913115,0.03193432759913115
2019-11-22,-0.05326090399230075,0.0,0.0,0.0,0.0,1.0,-1,-1,0.05326090399230075,0.05326090399230075
2019-11-23,-0.020893818220551825,0.0,0.0,0.0,0.0,0.0,-1,-1,0.020893818220551825,0.020893818220551825
2019-11-24,-0.01527885829045015,0.0,0.0,0.0,0.0,0.0,-1,-1,0.01527885829045015,0.01527885829045015
2019-11-25,-0.007255445916467831,0.0,0.0,0.0,0.0,0.0,-1,-1,0.007255445916467831,0.007255445916467831
2019-11-26,0.0071017990807167464,0.0,0.0,0.0,0.0,0.0,1,-1,-0.0071017990807167464,-0.0071017990807167464
2019-11-27,0.022632898333876352,1.0,0.0,0.0,0.0,0.0,1,1,0.022632898333876352,0.01763289833387635
2019-11-28,0.01666060347170241,1.0,1.0,0.0,0.0,0.0,1,1,0.01666060347170241,0.01666060347170241
2019-11-29,0.013396137459673484,1.0,1.0,1.0,0.0,0.0,1,1,0.013396137459673484,0.013396137459673484
2019-11-30,0.01050159299945391,1.0,1.0,1.0,1.0,0.0,1,1,0.01050159299945391,0.01050159299945391
2019-12-01,-0.023065129334528048,1.0,1.0,1.0,1.0,1.0,-1,1,-0.023065129334528048,-0.023065129334528048
2019-12-02,-0.01458547997854419,0.0,1.0,1.0,1.0,1.0,-1,-1,0.01458547997854419,0.009585479978544191
2019-12-03,-0.005085224294127612,0.0,0.0,1.0,1.0,1.0,-1,-1,0.005085224294127612,0.005085224294127612
2019-12-04,-0.008471890559463569,0.0,0.0,0.0,1.0,1.0,-1,-1,0.008471890559463569,0.008471890559463569
2019-12-05,0.0057754350728510375,0.0,0.0,0.0,0.0,1.0,1,-1,-0.0057754350728510375,-0.0057754350728510375
2019-12-06,0.021057806318538094,1.0,0.0,0.0,0.0,0.0,1,1,0.021057806318538094,0.016057806318538093
2019-12-07,0.008853937529435064,1.0,1.0,0.0,0.0,0.0,1,1,0.008853937529435064,0.008853937529435064
2019-12-08,0.0024597228844174643,1.0,1.0,1.0,0.0,0.0,1,1,0.0024597228844174643,0.0024597228844174643
2019-12-09,-0.013272534079016325,1.0,1.0,1.0,1.0,0.0,-1,1,-0.013272534079016325,-0.013272534079016325
2019-12-10,-0.02169378571585485,0.0,1.0,1.0,1.0,1.0,-1,-1,0.02169378571585485,0.01669378571585485
2019-12-11,-0.009191361320132808,0.0,0.0,1.0,1.0,1.0,-1,-1,0.009191361320132808,0.009191361320132808
2019-12-12,-0.0033785008759874002,0.0,0.0,0.0,1.0,1.0,-1,-1,0.0033785008759874002,0.0033785008759874002
2019-12-13,0.002468536776137454,0.0,0.0,0.0,0.0,1.0,1,-1,-0.002468536776137454,-0.002468536776137454
2019-12-14,-0.006926481497617086,1.0,0.0,0.0,0.0,0.0,-1,1,-0.006926481497617086,-0.011926481497617086
2019-12-15,-0.007972064960039271,0.0,1.0,0.0,0.0,0.0,-1,-1,0.007972064960039271,0.002972064960039271
2019-12-16,-0.013964722473244796,0.0,0.0,1.0,0.0,0.0,-1,-1,0.013964722473244796,0.013964722473244796
2019-12-17,-0.03867777748789839,0.0,0.0,0.0,1.0,0.0,-1,-1,0.03867777748789839,0.03867777748789839
2019-12-18,0.033353988723633356,0.0,0.0,0.0,0.0,1.0,1,-1,-0.033353988723633356,-0.033353988723633356
2019-12-19,0.042050615341001456,1.0,0.0,0.0,0.0,0.0,1,1,0.042050615341001456,0.03705061534100146
2019-12-20,-0.013496621054100974,1.0,1.0,0.0,0.0,0.0,-1,1,-0.013496621054100974,-0.013496621054100974
2019-12-21,0.00019407716889113674,0.0,1.0,1.0,0.0,0.0,1,-1,-0.00019407716889113674,-0.005194077168891137
2019-12-22,0.014267783999296664,1.0,0.0,1.0,1.0,0.0,1,1,0.014267783999296664,0.009267783999296664
2019-12-23,0.00916743475302303,1.0,1.0,0.0,1.0,1.0,1,1,0.00916743475302303,0.00916743475302303
2019-12-24,-0.011299478044986688,1.0,1.0,1.0,0.0,1.0,-1,1,-0.011299478044986688,-0.011299478044986688
2019-12-25,-0.005026126266866499,0.0,1.0,1.0,1.0,0.0,-1,-1,0.005026126266866499,2.6126266866498965e-05
2019-12-26,-0.003224874287652198,0.0,0.0,1.0,1.0,1.0,-1,-1,0.003224874287652198,0.003224874287652198
2019-12-27,0.0017078087404249563,0.0,0.0,0.0,1.0,1.0,1,-1,-0.0017078087404249563,-0.0017078087404249563
2019-12-28,0.00816563307500203,1.0,0.0,0.0,0.0,1.0,1,1,0.00816563307500203,0.003165633075002029
2019-12-29,0.010885707034224031,1.0,1.0,0.0,0.0,0.0,1,1,0.010885707034224031,0.010885707034224031
2019-12-30,-0.0035398218922301386,1.0,1.0,1.0,0.0,0.0,-1,1,-0.0035398218922301386,-0.0035398218922301386
2019-12-31,-0.015177497129068759,0.0,1.0,1.0,1.0,0.0,-1,-1,0.015177497129068759,0.01017749712906876
2020-01-01,-0.004408642300018154,0.0,0.0,1.0,1.0,1.0,-1,-1,0.004408642300018154,0.004408642300018154
2020-01-02,-0.01513659517433168,0.0,0.0,0.0,1.0,1.0,-1,-1,0.01513659517433168,0.01513659517433168
2020-01-03,0.007301248519421414,0.0,0.0,0.0,0.0,1.0,1,-1,-0.007301248519421414,-0.007301248519421414
2020-01-04,0.02583207455399764,1.0,0.0,0.0,0.0,0.0,1,1,0.02583207455399764,0.02083207455399764
2020-01-05,0.0033401540693296875,1.0,1.0,0.0,0.0,0.0,1,1,0.0033401540693296875,0.0033401540693296875
2020-01-06,0.02507608106397324,1.0,1.0,1.0,0.0,0.0,1,1,0.02507608106397324,0.02507608106397324
2020-01-07,0.044196072230535566,1.0,1.0,1.0,1.0,0.0,1,1,0.044196072230535566,0.044196072230535566
2020-01-08,0.021761458264851947,1.0,1.0,1.0,1.0,1.0,1,1,0.021761458264851947,0.021761458264851947
2020-01-09,-0.014549146341006663,1.0,1.0,1.0,1.0,1.0,-1,1,-0.014549146341006663,-0.014549146341006663
2020-01-10,0.0014071869538012467,0.0,1.0,1.0,1.0,1.0,1,-1,-0.0014071869538012467,-0.006407186953801247
2020-01-11,0.01656781812510113,1.0,0.0,1.0,1.0,1.0,1,1,0.01656781812510113,0.011567818125101128
2020-01-12,0.004016250635242041,1.0,1.0,0.0,1.0,1.0,1,1,0.004016250635242041,0.004016250635242041
2020-01-13,0.0029331487516298413,1.0,1.0,1.0,0.0,1.0,1,1,0.0029331487516298413,0.0029331487516298413
2020-01-14,0.035533201820717994,1.0,1.0,1.0,1.0,0.0,1,1,0.035533201820717994,0.035533201820717994
2020-01-15,0.04160507535028723,1.0,1.0,1.0,1.0,1.0,1,1,0.04160507535028723,0.04160507535028723
2020-01-16,-0.0014488830316781122,1.0,1.0,1.0,1.0,1.0,-1,1,-0.0014488830316781122,-0.0014488830316781122
2020-01-17,0.004524633633476117,0.0,1.0,1.0,1.0,1.0,1,-1,-0.004524633633476117,-0.009524633633476116
2020-01-18,0.01273668631767088,1.0,0.0,1.0,1.0,1.0,1,1,0.01273668631767088,0.00773668631767088
2020-01-19,-0.01618669182669017,1.0,1.0,0.0,1.0,1.0,-1,1,-0.01618669182669017,-0.01618669182669017
2020-01-20,-0.016572737104049034,0.0,1.0,1.0,0.0,1.0,-1,-1,0.016572737104049034,0.011572737104049033
2020-01-21,0.004023846006457805,0.0,0.0,1.0,1.0,0.0,1,-1,-0.004023846006457805,-0.004023846006457805
2020-01-22,7.02776717181224e-05,1.0,0.0,0.0,1.0,1.0,1,1,7.02776717181224e-05,-0.0049297223282818775
2020-01-23,-0.01804690923670701,1.0,1.0,0.0,0.0,1.0,-1,1,-0.01804690923670701,-0.01804690923670701
2020-01-24,-0.011181452546300806,0.0,1.0,1.0,0.0,0.0,-1,-1,0.011181452546300806,0.006181452546300806
2020-01-25,-0.0032198398294993,0.0,0.0,1.0,1.0,0.0,-1,-1,0.0032198398294993,0.0032198398294993
2020-01-26,0.006308731345455153,0.0,0.0,0.0,1.0,1.0,1,-1,-0.006308731345455153,-0.006308731345455153
2020-01-27,0.03195250346326398,1.0,0.0,0.0,0.0,1.0,1,1,0.03195250346326398,0.026952503463263982
2020-01-28,0.032635129811683324,1.0,1.0,0.0,0.0,0.0,1,1,0.032635129811683324,0.032635129811683324
2020-01-29,0.023709004572251342,1.0,1.0,1.0,0.0,0.0,1,1,0.023709004572251342,0.023709004572251342
2020-01-30,0.021989756437822423,1.0,1.0,1.0,1.0,0.0,1,1,0.021989756437822423,0.021989756437822423
2020-01-31,0.0037268243360514446,1.0,1.0,1.0,1.0,1.0,1,1,0.0037268243360514446,0.0037268243360514446
2020-02-01,-0.009754157772176322,1.0,1.0,1.0,1.0,1.0,-1,1,-0.009754157772176322,-0.009754157772176322
2020-02-02,-0.00027972765897715573,0.0,1.0,1.0,1.0,1.0,-1,-1,0.00027972765897715573,-0.004720272341022845
2020-02-03,-0.005368320641153532,0.0,0.0,1.0,1.0,1.0,-1,-1,0.005368320641153532,0.005368320641153532
2020-02-04,-0.011366155785446535,0.0,0.0,0.0,1.0,1.0,-1,-1,0.011366155785446535,0.011366155785446535
2020-02-05,0.018747303082437564,0.0,0.0,0.0,0.0,1.0,1,-1,-0.018747303082437564,-0.018747303082437564
2020-02-06,0.026101014746371366,1.0,0.0,0.0,0.0,0.0,1,1,0.026101014746371366,0.021101014746371365
2020-02-07,0.008717023520813051,1.0,1.0,0.0,0.0,0.0,1,1,0.008717023520813051,0.008717023520813051
2020-02-08,0.012118062224085343,1.0,1.0,1.0,0.0,0.0,1,1,0.012118062224085343,0.012118062224085343
2020-02-09,0.016080963542361548,1.0,1.0,1.0,1.0,0.0,1,1,0.016080963542361548,0.016080963542361548
2020-02-10,-0.0037375310246731642,1.0,1.0,1.0,1.0,1.0,-1,1,-0.0037375310246731642,-0.0037375310246731642
2020-02-11,0.005954629420553213,0.0,1.0,1.0,1.0,1.0,1,-1,-0.005954629420553213,-0.010954629420553214
2020-02-12,0.025197328163542667,1.0,0.0,1.0,1.0,1.0,1,1,0.025197328163542667,0.020197328163542666
2020-02-13,-0.0007397143834589675,1.0,1.0,0.0,1.0,1.0,-1,1,-0.0007397143834589675,-0.0007397143834589675
2020-02-14,0.0004889920978905193,0.0,1.0,1.0,0.0,1.0,1,-1,-0.0004889920978905193,-0.005488992097890519
2020-02-15,-0.01417722070681997,1.0,0.0,1.0,1.0,0.0,-1,1,-0.01417722070681997,-0.01917722070681997
2020-02-16,-0.02451498886221334,0.0,1.0,0.0,1.0,1.0,-1,-1,0.02451498886221334,0.01951498886221334
2020-02-17,-0.014533068078511662,0.0,0.0,1.0,0.0,1.0,-1,-1,0.014533068078511662,0.014533068078511662
2020-02-18,0.015496892916756462,0.0,0.0,0.0,1.0,0.0,1,-1,-0.015496892916756462,-0.015496892916756462
2020-02-19,0.002803890392980171,1.0,0.0,0.0,0.0,1.0,1,1,0.002803890392980171,-0.0021961096070198293
2020-02-20,-0.028225672858519426,1.0,1.0,0.0,0.0,0.0,-1,1,-0.028225672858519426,-0.028225672858519426
2020-02-21,-0.0006384474500975418,0.0,1.0,1.0,0.0,0.0,-1,-1,0.0006384474500975418,-0.004361552549902458
2020-02-22,0.002940822632172509,0.0,0.0,1.0,1.0,0.0,1,-1,-0.002940822632172509,-0.002940822632172509
2020-02-23,0.012609716745737513,1.0,0.0,0.0,1.0,1.0,1,1,0.012609716745737513,0.007609716745737513
2020-02-24,-0.0014269021400465803,1.0,1.0,0.0,0.0,1.0,-1,1,-0.0014269021400465803,-0.0014269021400465803
2020-02-25,-0.028148581458528103,0.0,1.0,1.0,0.0,0.0,-1,-1,0.028148581458528103,0.023148581458528102
2020-02-26,-0.04562301301766415,0.0,0.0,1.0,1.0,0.0,-1,-1,0.04562301301766415,0.04562301301766415
2020-02-27,-0.03279478937077175,0.0,0.0,0.0,1.0,1.0,-1,-1,0.03279478937077175,0.03279478937077175
2020-02-28,-0.00044096647380506505,0.0,0.0,0.0,0.0,1.0,-1,-1,0.00044096647380506505,0.00044096647380506505
2020-02-29,-0.007764596270756873,0.0,0.0,0.0,0.0,0.0,-1,-1,0.007764596270756873,0.007764596270756873
2020-03-01,-0.013633782988913611,0.0,0.0,0.0,0.0,0.0,-1,-1,0.013633782988913611,0.013633782988913611
2020-03-02,0.016634246233389063,0.0,0.0,0.0,0.0,0.0,1,-1,-0.016634246233389063,-0.016634246233389063
2020-03-03,0.012440139193335841,1.0,0.0,0.0,0.0,0.0,1,1,0.012440139193335841,0.007440139193335841
2020-03-04,-0.009789204709839027,1.0,1.0,0.0,0.0,0.0,-1,1,-0.009789204709839027,-0.009789204709839027
2020-03-05,0.01653257938501594,0.0,1.0,1.0,0.0,0.0,1,-1,-0.01653257938501594,-0.021532579385015942
2020-03-06,0.019916471220588282,1.0,0.0,1.0,1.0,0.0,1,1,0.019916471220588282,0.014916471220588281
2020-03-07,-0.007522558667212057,1.0,1.0,0.0,1.0,1.0,-1,1,-0.007522558667212057,-0.007522558667212057
2020-03-08,-0.052939068056201584,0.0,1.0,1.0,0.0,1.0,-1,-1,0.052939068056201584,0.047939068056201586
2020-03-09,-0.06343960025627599,0.0,0.0,1.0,1.0,0.0,-1,-1,0.06343960025627599,0.06343960025627599
2020-03-10,-0.013904661918722808,0.0,0.0,0.0,1.0,1.0,-1,-1,0.013904661918722808,0.013904661918722808
2020-03-11,0.005662685537337526,0.0,0.0,0.0,0.0,1.0,1,-1,-0.005662685537337526,-0.005662685537337526
2020-03-12,-0.14649362836022445,1.0,0.0,0.0,0.0,0.0,-1,1,-0.14649362836022445,-0.15149362836022445
2020-03-13,-0.183222081153939,0.0,1.0,0.0,0.0,0.0,-1,-1,0.183222081153939,0.178222081153939
2020-03-14,-0.04619090061580982,0.0,0.0,1.0,0.0,0.0,-1,-1,0.04619090061580982,0.04619090061580982
2020-03-15,-0.02836831993742257,0.0,0.0,0.0,1.0,0.0,-1,-1,0.02836831993742257,0.02836831993742257
2020-03-16,-0.032880445766575374,0.0,0.0,0.0,0.0,1.0,-1,-1,0.032880445766575374,0.032880445766575374
2020-03-17,0.010326379674874693,0.0,0.0,0.0,0.0,0.0,1,-1,-0.010326379674874693,-0.010326379674874693
2020-03-18,0.038974985950359586,1.0,0.0,0.0,0.0,0.0,1,1,0.038974985950359586,0.03397498595035959
2020-03-19,0.07483029032837579,1.0,1.0,0.0,0.0,0.0,1,1,0.07483029032837579,0.07483029032837579
2020-03-20,0.06865057798399377,1.0,1.0,1.0,0.0,0.0,1,1,0.06865057798399377,0.06865057798399377
2020-03-21,-0.011982198051355603,1.0,1.0,1.0,1.0,0.0,-1,1,-0.011982198051355603,-0.011982198051355603
2020-03-22,-0.02352289947136454,0.0,1.0,1.0,1.0,1.0,-1,-1,0.02352289947136454,0.01852289947136454
2020-03-23,0.024092931664468752,0.0,0.0,1.0,1.0,1.0,1,-1,-0.024092931664468752,-0.024092931664468752
2020-03-24,0.07046675449973805,1.0,0.0,0.0,1.0,1.0,1,1,0.07046675449973805,0.06546675449973804
2020-03-25,0.01545373355096075,1.0,1.0,0.0,0.0,1.0,1,1,0.01545373355096075,0.01545373355096075
2020-03-26,-0.0026695691474505514,1.0,1.0,1.0,0.0,0.0,-1,1,-0.0026695691474505514,-0.0026695691474505514
2020-03-27,-0.0012595276722809025,0.0,1.0,1.0,1.0,0.0,-1,-1,0.0012595276722809025,-0.0037404723277190974
2020-03-28,-0.03756222380072254,0.0,0.0,1.0,1.0,1.0,-1,-1,0.03756222380072254,0.03756222380072254
2020-03-29,-0.061571793571737,0.0,0.0,0.0,1.0,1.0,-1,-1,0.061571793571737,0.061571793571737
2020-03-30,0.025576488279644732,0.0,0.0,0.0,0.0,1.0,1,-1,-0.025576488279644732,-0.025576488279644732
2020-03-31,0.04307128964770111,1.0,0.0,0.0,0.0,0.0,1,1,0.04307128964770111,0.03807128964770111
2020-04-01,-0.01328027610213103,1.0,1.0,0.0,0.0,0.0,-1,1,-0.01328027610213103,-0.01328027610213103
2020-04-02,0.029662290716184588,0.0,1.0,1.0,0.0,0.0,1,-1,-0.029662290716184588,-0.03466229071618459
2020-04-03,0.026726623268252765,1.0,0.0,1.0,1.0,0.0,1,1,0.026726623268252765,0.021726623268252764
2020-04-04,0.002864899537211505,1.0,1.0,0.0,1.0,1.0,1,1,0.002864899537211505,0.002864899537211505
2020-04-05,0.002281042963157647,1.0,1.0,1.0,0.0,1.0,1,1,0.002281042963157647,0.002281042963157647
2020-04-06,0.030227174958316894,1.0,1.0,1.0,1.0,0.0,1,1,0.030227174958316894,0.030227174958316894
2020-04-07,0.029217364425015303,1.0,1.0,1.0,1.0,1.0,1,1,0.029217364425015303,0.029217364425015303
2020-04-08,0.0019882648617269437,1.0,1.0,1.0,1.0,1.0,1,1,0.0019882648617269437,0.0019882648617269437
2020-04-09,0.009481246328671191,1.0,1.0,1.0,1.0,1.0,1,1,0.009481246328671191,0.009481246328671191
2020-04-10,-0.02957780224255493,1.0,1.0,1.0,1.0,1.0,-1,1,-0.02957780224255493,-0.02957780224255493
2020-04-11,-0.031801398436161296,0.0,1.0,1.0,1.0,1.0,-1,-1,0.031801398436161296,0.026801398436161295
2020-04-12,0.016379113451512828,0.0,0.0,1.0,1.0,1.0,1,-1,-0.016379113451512828,-0.016379113451512828
2020-04-13,-0.0023778946441486916,1.0,0.0,0.0,1.0,1.0,-1,1,-0.0023778946441486916,-0.007377894644148692
2020-04-14,-0.019371756838985725,0.0,1.0,0.0,0.0,1.0,-1,-1,0.019371756838985725,0.014371756838985724
2020-04-15,-0.007304110198337341,0.0,0.0,1.0,0.0,0.0,-1,-1,0.007304110198337341,0.007304110198337341
2020-04-16,0.015866833209491105,0.0,0.0,0.0,1.0,0.0,1,-1,-0.015866833209491105,-0.015866833209491105
2020-04-17,0.0221196362404054,1.0,0.0,0.0,0.0,1.0,1,1,0.0221196362404054,0.017119636240405398
2020-04-18,0.010536007179855943,1.0,1.0,0.0,0.0,0.0,1,1,0.010536007179855943,0.010536007179855943
2020-04-19,0.010635375488585804,1.0,1.0,1.0,0.0,0.0,1,1,0.010635375488585804,0.010635375488585804
2020-04-20,-0.026142789115045816,1.0,1.0,1.0,1.0,0.0,-1,1,-0.026142789115045816,-0.026142789115045816
2020-04-21,-0.021595879458294765,0.0,1.0,1.0,1.0,1.0,-1,-1,0.021595879458294765,0.016595879458294764
2020-04-22,0.0174739428485542,0.0,0.0,1.0,1.0,1.0,1,-1,-0.0174739428485542,-0.0174739428485542
2020-04-23,0.04876310010804908,1.0,0.0,0.0,1.0,1.0,1,1,0.04876310010804908,0.04376310010804908
2020-04-24,0.027524658005231423,1.0,1.0,0.0,0.0,1.0,1,1,0.027524658005231423,0.027524658005231423
2020-04-25,-0.004711386277301474,1.0,1.0,1.0,0.0,0.0,-1,1,-0.004711386277301474,-0.004711386277301474
2020-04-26,0.00795696509716605,0.0,1.0,1.0,1.0,0.0,1,-1,-0.00795696509716605,-0.01295696509716605
2020-04-27,0.01371023361334081,1.0,0.0,1.0,1.0,1.0,1,1,0.01371023361334081,0.00871023361334081
2020-04-28,0.006639576205512884,1.0,1.0,0.0,1.0,1.0,1,1,0.006639576205512884,0.006639576205512884
2020-04-29,0.07041948179231634,1.0,1.0,1.0,0.0,1.0,1,1,0.07041948179231634,0.07041948179231634
2020-04-30,0.0600802377425161,1.0,1.0,1.0,1.0,0.0,1,1,0.0600802377425161,0.0600802377425161
2020-05-01,-0.0013034167872892108,1.0,1.0,1.0,1.0,1.0,-1,1,-0.0013034167872892108,-0.0013034167872892108
2020-05-02,0.009947840343268623,0.0,1.0,1.0,1.0,1.0,1,-1,-0.009947840343268623,-0.014947840343268622
2020-05-03,0.0006530544577135276,1.0,0.0,1.0,1.0,1.0,1,1,0.0006530544577135276,-0.004346945542286472
2020-05-04,0.0007435804751751434,1.0,1.0,0.0,1.0,1.0,1,1,0.0007435804751751434,0.0007435804751751434
2020-05-05,0.0063194086563858245,1.0,1.0,1.0,0.0,1.0,1,1,0.0063194086563858245,0.0063194086563858245
2020-05-06,0.01885075218051207,1.0,1.0,1.0,1.0,0.0,1,1,0.01885075218051207,0.01885075218051207
2020-05-07,0.04863324124336027,1.0,1.0,1.0,1.0,1.0,1,1,0.04863324124336027,0.04863324124336027
2020-05-08,0.03667593213274263,1.0,1.0,1.0,1.0,1.0,1,1,0.03667593213274263,0.03667593213274263
2020-05-09,-0.013809736405924693,1.0,1.0,1.0,1.0,1.0,-1,1,-0.013809736405924693,-0.013809736405924693
2020-05-10,-0.06782348156849771,0.0,1.0,1.0,1.0,1.0,-1,-1,0.06782348156849771,0.06282348156849771
2020-05-11,-0.057901585777671884,0.0,0.0,1.0,1.0,1.0,-1,-1,0.057901585777671884,0.057901585777671884
2020-05-12,0.0016065911794542788,0.0,0.0,0.0,1.0,1.0,1,-1,-0.0016065911794542788,-0.0016065911794542788
2020-05-13,0.04434959770937531,1.0,0.0,0.0,0.0,1.0,1,1,0.04434959770937531,0.039349597709375315
2020-05-14,0.05513857200046692,1.0,1.0,0.0,0.0,0.0,1,1,0.05513857200046692,0.05513857200046692
2020-05-15,0.002665319500093362,1.0,1.0,1.0,0.0,0.0,1,1,0.002665319500093362,0.002665319500093362
2020-05-16,-0.02071693538180803,1.0,1.0,1.0,1.0,0.0,-1,1,-0.02071693538180803,-0.02071693538180803
2020-05-17,0.018166012067170507,0.0,1.0,1.0,1.0,1.0,1,-1,-0.018166012067170507,-0.02316601206717051
2020-05-18,0.015560138260449415,1.0,0.0,1.0,1.0,1.0,1,1,0.015560138260449415,0.010560138260449416
2020-05-19,-0.003965101015516064,1.0,1.0,0.0,1.0,1.0,-1,1,-0.003965101015516064,-0.003965101015516064
2020-05-20,-0.006945659676748827,0.0,1.0,1.0,0.0,1.0,-1,-1,0.006945659676748827,0.0019456596767488269
2020-05-21,-0.030758368702030046,0.0,0.0,1.0,1.0,0.0,-1,-1,0.030758368702030046,0.030758368702030046
2020-05-22,-0.018604634067268186,0.0,0.0,0.0,1.0,1.0,-1,-1,0.018604634067268186,0.018604634067268186
2020-05-23,0.0069292198725224834,0.0,0.0,0.0,0.0,1.0,1,-1,-0.0069292198725224834,-0.0069292198725224834
2020-05-24,-0.008201611232331756,1.0,0.0,0.0,0.0,0.0,-1,1,-0.008201611232331756,-0.013201611232331757
2020-05-25,-0.01797055776002076,0.0,1.0,0.0,0.0,0.0,-1,-1,0.01797055776002076,0.012970557760020759
2020-05-26,-0.01166306972726803,0.0,0.0,1.0,0.0,0.0,-1,-1,0.01166306972726803,0.01166306972726803
2020-05-27,0.009120719573279498,0.0,0.0,0.0,1.0,0.0,1,-1,-0.009120719573279498,-0.009120719573279498
2020-05-28,0.03252332568369125,1.0,0.0,0.0,0.0,1.0,1,1,0.03252332568369125,0.027523325683691247
2020-05-29,0.017266469556011924,1.0,1.0,0.0,0.0,0.0,1,1,0.017266469556011924,0.017266469556011924
2020-05-30,0.0024953106542480144,1.0,1.0,1.0,0.0,0.0,1,1,0.0024953106542480144,0.0024953106542480144
2020-05-31,0.0037909730033008947,1.0,1.0,1.0,1.0,0.0,1,1,0.0037909730033008947,0.0037909730033008947
2020-06-01,0.008864051774477837,1.0,1.0,1.0,1.0,1.0,1,1,0.008864051774477837,0.008864051774477837
2020-06-02,0.0032679537224735806,1.0,1.0,1.0,1.0,1.0,1,1,0.0032679537224735806,0.0032679537224735806
2020-06-03,-0.003670330840022545,1.0,1.0,1.0,1.0,1.0,-1,1,-0.003670330840022545,-0.003670330840022545
2020-06-04,0.013237080321809062,0.0,1.0,1.0,1.0,1.0,1,-1,-0.013237080321809062,-0.01823708032180906
2020-06-05,0.003938070252029291,1.0,0.0,1.0,1.0,1.0,1,1,0.003938070252029291,-0.0010619297479707093
2020-06-06,-0.00416172698894229,1.0,1.0,0.0,1.0,1.0,-1,1,-0.00416172698894229,-0.00416172698894229
2020-06-07,0.0024832427497670966,0.0,1.0,1.0,0.0,1.0,1,-1,-0.0024832427497670966,-0.007483242749767097
2020-06-08,0.0009054957718389233,1.0,0.0,1.0,1.0,0.0,1,1,0.0009054957718389233,-0.0040945042281610765
2020-06-09,0.005680522305847864,1.0,1.0,0.0,1.0,1.0,1,1,0.005680522305847864,0.005680522305847864
2020-06-10,0.007285690844253858,1.0,1.0,1.0,0.0,1.0,1,1,0.007285690844253858,0.007285690844253858
2020-06-11,-0.024499982954321785,1.0,1.0,1.0,1.0,0.0,-1,1,-0.024499982954321785,-0.024499982954321785
2020-06-12,-0.021906539780615877,0.0,1.0,1.0,1.0,1.0,-1,-1,0.021906539780615877,0.016906539780615876
2020-06-13,0.004254494838981371,0.0,0.0,1.0,1.0,1.0,1,-1,-0.004254494838981371,-0.004254494838981371
2020-06-14,-0.005369315921278976,1.0,0.0,0.0,1.0,1.0,-1,1,-0.005369315921278976,-0.010369315921278977
2020-06-15,0.0007287958303878846,0.0,1.0,0.0,0.0,1.0,1,-1,-0.0007287958303878846,-0.005728795830387884
2020-06-16,0.008881741452349021,1.0,0.0,1.0,0.0,0.0,1,1,0.008881741452349021,0.0038817414523490213
2020-06-17,-0.0015298010386322752,1.0,1.0,0.0,1.0,0.0,-1,1,-0.0015298010386322752,-0.0015298010386322752
2020-06-18,-0.007412653116963174,0.0,1.0,1.0,0.0,1.0,-1,-1,0.007412653116963174,0.0024126531169631742
2020-06-19,-0.004652807413359979,0.0,0.0,1.0,1.0,0.0,-1,-1,0.004652807413359979,0.004652807413359979
2020-06-20,-0.001333742238295065,0.0,0.0,0.0,1.0,1.0,-1,-1,0.001333742238295065,0.001333742238295065
2020-06-21,0.00019339846975475382,0.0,0.0,0.0,0.0,1.0,1,-1,-0.00019339846975475382,-0.00019339846975475382
2020-06-22,0.01862509165124843,1.0,0.0,0.0,0.0,0.0,1,1,0.01862509165124843,0.013625091651248429
2020-06-23,0.016665757555377837,1.0,1.0,0.0,0.0,0.0,1,1,0.016665757555377837,0.016665757555377837
2020-06-24,-0.02218179262494909,1.0,1.0,1.0,0.0,0.0,-1,1,-0.02218179262494909,-0.02218179262494909
2020-06-25,-0.018542711150789978,0.0,1.0,1.0,1.0,0.0,-1,-1,0.018542711150789978,0.013542711150789977
2020-06-26,-0.004875393127874399,0.0,0.0,1.0,1.0,1.0,-1,-1,0.004875393127874399,0.004875393127874399
2020-06-27,-0.01320017586909134,0.0,0.0,0.0,1.0,1.0,-1,-1,0.01320017586909134,0.01320017586909134
2020-06-28,-0.0027876649132093896,0.0,0.0,0.0,0.0,1.0,-1,-1,0.0027876649132093896,0.0027876649132093896
2020-06-29,0.008412868077464736,0.0,0.0,0.0,0.0,0.0,1,-1,-0.008412868077464736,-0.008412868077464736
2020-06-30,0.002050572034718028,1.0,0.0,0.0,0.0,0.0,1,1,0.002050572034718028,-0.002949427965281972
2020-07-01,0.001771522030673668,1.0,1.0,0.0,0.0,0.0,1,1,0.001771522030673668,0.001771522030673668
2020-07-02,-0.0006070099783295197,1.0,1.0,1.0,0.0,0.0,-1,1,-0.0006070099783295197,-0.0006070099783295197
2020-07-03,-0.008437279326346138,0.0,1.0,1.0,1.0,0.0,-1,-1,0.008437279326346138,0.003437279326346138
2020-07-04,-0.0008599466682987273,0.0,0.0,1.0,1.0,1.0,-1,-1,0.0008599466682987273,0.0008599466682987273
2020-07-05,-0.003330487729985584,0.0,0.0,0.0,1.0,1.0,-1,-1,0.003330487729985584,0.003330487729985584
2020-07-06,0.008675597965034377,0.0,0.0,0.0,0.0,1.0,1,-1,-0.008675597965034377,-0.008675597965034377
2020-07-07,0.011128378598971936,1.0,0.0,0.0,0.0,0.0,1,1,0.011128378598971936,0.006128378598971936
2020-07-08,0.008197912703598098,1.0,1.0,0.0,0.0,0.0,1,1,0.008197912703598098,0.008197912703598098
2020-07-09,0.0004029999736102914,1.0,1.0,1.0,0.0,0.0,1,1,0.0004029999736102914,0.0004029999736102914
2020-07-10,-0.011751280915464934,1.0,1.0,1.0,1.0,0.0,-1,1,-0.011751280915464934,-0.011751280915464934
2020-07-11,-0.0014135365385683995,0.0,1.0,1.0,1.0,1.0,-1,-1,0.0014135365385683995,-0.0035864634614316006
2020-07-12,0.0026720632763117856,0.0,0.0,1.0,1.0,1.0,1,-1,-0.0026720632763117856,-0.0026720632763117856
2020-07-13,0.0013590089919266687,1.0,0.0,0.0,1.0,1.0,1,1,0.0013590089919266687,-0.0036409910080733316
2020-07-14,-0.0013308914910512635,1.0,1.0,0.0,0.0,1.0,-1,1,-0.0013308914910512635,-0.0013308914910512635
2020-07-15,-0.0012877270586503905,0.0,1.0,1.0,0.0,0.0,-1,-1,0.0012877270586503905,-0.0037122729413496093
2020-07-16,-0.006337213269837413,0.0,0.0,1.0,1.0,0.0,-1,-1,0.006337213269837413,0.006337213269837413
2020-07-17,-0.0039585482877885,0.0,0.0,0.0,1.0,1.0,-1,-1,0.0039585482877885,0.0039585482877885
2020-07-18,0.0027553358329000448,0.0,0.0,0.0,0.0,1.0,1,-1,-0.0027553358329000448,-0.0027553358329000448
2020-07-19,0.0013459535527445034,1.0,0.0,0.0,0.0,0.0,1,1,0.0013459535527445034,-0.0036540464472554967
2020-07-20,-0.0003340025220180343,1.0,1.0,0.0,0.0,0.0,-1,1,-0.0003340025220180343,-0.0003340025220180343
2020-07-21,0.011249240424199159,0.0,1.0,1.0,0.0,0.0,1,-1,-0.011249240424199159,-0.01624924042419916
2020-07-22,0.01102124656575478,1.0,0.0,1.0,1.0,0.0,1,1,0.01102124656575478,0.00602124656575478
2020-07-23,0.012669267066440951,1.0,1.0,0.0,1.0,1.0,1,1,0.012669267066440951,0.012669267066440951
2020-07-24,0.011911366886643975,1.0,1.0,1.0,0.0,1.0,1,1,0.011911366886643975,0.011911366886643975
2020-07-25,0.004281970662709305,1.0,1.0,1.0,1.0,0.0,1,1,0.004281970662709305,0.004281970662709305
2020-07-26,0.014307300315090359,1.0,1.0,1.0,1.0,1.0,1,1,0.014307300315090359,0.014307300315090359
2020-07-27,0.0701668317582503,1.0,1.0,1.0,1.0,1.0,1,1,0.0701668317582503,0.0701668317582503
2020-07-28,0.05252671681349995,1.0,1.0,1.0,1.0,1.0,1,1,0.05252671681349995,0.05252671681349995
2020-07-29,0.00774966352577097,1.0,1.0,1.0,1.0,1.0,1,1,0.00774966352577097,0.00774966352577097
2020-07-30,0.0034754627354403275,1.0,1.0,1.0,1.0,1.0,1,1,0.0034754627354403275,0.0034754627354403275
2020-07-31,0.004301294589977997,1.0,1.0,1.0,1.0,1.0,1,1,0.004301294589977997,0.004301294589977997
2020-08-01,0.02959759321210587,1.0,1.0,1.0,1.0,1.0,1,1,0.02959759321210587,0.02959759321210587
2020-08-02,-0.011327230567267043,1.0,1.0,1.0,1.0,1.0,-1,1,-0.011327230567267043,-0.011327230567267043
2020-08-03,-0.0242852936613438,0.0,1.0,1.0,1.0,1.0,-1,-1,0.0242852936613438,0.019285293661343798
2020-08-04,0.002900065937565293,0.0,0.0,1.0,1.0,1.0,1,-1,-0.002900065937565293,-0.002900065937565293
2020-08-05,0.025987057629682144,1.0,0.0,0.0,1.0,1.0,1,1,0.025987057629682144,0.020987057629682143
2020-08-06,0.02197996460734429,1.0,1.0,0.0,0.0,1.0,1,1,0.02197996460734429,0.02197996460734429
2020-08-07,-0.007531170002118768,1.0,1.0,1.0,0.0,0.0,-1,1,-0.007531170002118768,-0.007531170002118768
2020-08-08,0.0008030884231245885,0.0,1.0,1.0,1.0,0.0,1,-1,-0.0008030884231245885,-0.005803088423124589
2020-08-09,0.0018994153777270582,1.0,0.0,1.0,1.0,1.0,1,1,0.0018994153777270582,-0.003100584622272942
2020-08-10,0.0032317755866585443,1.0,1.0,0.0,1.0,1.0,1,1,0.0032317755866585443,0.0032317755866585443
2020-08-11,-0.014727263502260697,1.0,1.0,1.0,0.0,1.0,-1,1,-0.014727263502260697,-0.014727263502260697
2020-08-12,-0.014654934392664715,0.0,1.0,1.0,1.0,0.0,-1,-1,0.014654934392664715,0.009654934392664714
2020-08-13,0.017286909996152483,0.0,0.0,1.0,1.0,1.0,1,-1,-0.017286909996152483,-0.017286909996152483
2020-08-14,0.011326135389366127,1.0,0.0,0.0,1.0,1.0,1,1,0.011326135389366127,0.006326135389366127
2020-08-15,0.00918468121362833,1.0,1.0,0.0,0.0,1.0,1,1,0.00918468121362833,0.00918468121362833
2020-08-16,0.0037665494516733954,1.0,1.0,1.0,0.0,0.0,1,1,0.0037665494516733954,0.0037665494516733954
2020-08-17,0.01747539615696192,1.0,1.0,1.0,1.0,0.0,1,1,0.01747539615696192,0.01747539615696192
2020-08-18,0.008798412379525772,1.0,1.0,1.0,1.0,1.0,1,1,0.008798412379525772,0.008798412379525772
2020-08-19,-0.02568770735797648,1.0,1.0,1.0,1.0,1.0,-1,1,-0.02568770735797648,-0.02568770735797648
2020-08-20,-0.010287587176650091,0.0,1.0,1.0,1.0,1.0,-1,-1,0.010287587176650091,0.005287587176650091
2020-08-21,-0.007928917429037455,0.0,0.0,1.0,1.0,1.0,-1,-1,0.007928917429037455,0.007928917429037455
2020-08-22,-0.00660645846266666,0.0,0.0,0.0,1.0,1.0,-1,-1,0.00660645846266666,0.00660645846266666
2020-08-23,0.005864373589858813,0.0,0.0,0.0,0.0,1.0,1,-1,-0.005864373589858813,-0.005864373589858813
2020-08-24,0.0036882850172286,1.0,0.0,0.0,0.0,0.0,1,1,0.0036882850172286,-0.0013117149827714001
2020-08-25,-0.015423453106153609,1.0,1.0,0.0,0.0,0.0,-1,1,-0.015423453106153609,-0.015423453106153609
2020-08-26,-0.012375088313887733,0.0,1.0,1.0,0.0,0.0,-1,-1,0.012375088313887733,0.007375088313887733
2020-08-27,-0.000979927804355138,0.0,0.0,1.0,1.0,0.0,-1,-1,0.000979927804355138,0.000979927804355138
2020-08-28,0.00117167407153977,0.0,0.0,0.0,1.0,1.0,1,-1,-0.00117167407153977,-0.00117167407153977
2020-08-29,0.00956898303035705,1.0,0.0,0.0,0.0,1.0,1,1,0.00956898303035705,0.00456898303035705
2020-08-30,0.0047402083162536345,1.0,1.0,0.0,0.0,0.0,1,1,0.0047402083162536345,0.0047402083162536345
2020-08-31,0.0054287245117584995,1.0,1.0,1.0,0.0,0.0,1,1,0.0054287245117584995,0.0054287245117584995
2020-09-01,0.0179025701944503,1.0,1.0,1.0,1.0,0.0,1,1,0.0179025701944503,0.0179025701944503
2020-09-02,-0.010702694764535683,1.0,1.0,1.0,1.0,1.0,-1,1,-0.010702694764535683,-0.010702694764535683
2020-09-03,-0.0568158823941059,0.0,1.0,1.0,1.0,1.0,-1,-1,0.0568158823941059,0.0518158823941059
2020-09-04,-0.03804336439802447,0.0,0.0,1.0,1.0,1.0,-1,-1,0.03804336439802447,0.03804336439802447
2020-09-05,-0.030401103326649904,0.0,0.0,0.0,1.0,1.0,-1,-1,0.030401103326649904,0.030401103326649904
2020-09-06,-0.011299747780294972,0.0,0.0,0.0,0.0,1.0,-1,-1,0.011299747780294972,0.011299747780294972
2020-09-07,0.0031229625509256237,0.0,0.0,0.0,0.0,0.0,1,-1,-0.0031229625509256237,-0.0031229625509256237
2020-09-08,-0.01472469310317155,1.0,0.0,0.0,0.0,0.0,-1,1,-0.01472469310317155,-0.01972469310317155
2020-09-09,0.0042187982672563,0.0,1.0,0.0,0.0,0.0,1,-1,-0.0042187982672563,-0.0092187982672563
2020-09-10,0.015713855848716287,1.0,0.0,1.0,0.0,0.0,1,1,0.015713855848716287,0.010713855848716286
2020-09-11,0.004991142940702342,1.0,1.0,0.0,1.0,0.0,1,1,0.004991142940702342,0.004991142940702342
2020-09-12,0.005031727490808473,1.0,1.0,1.0,0.0,1.0,1,1,0.005031727490808473,0.005031727490808473
2020-09-13,-0.002083442348948399,1.0,1.0,1.0,1.0,0.0,-1,1,-0.002083442348948399,-0.002083442348948399
2020-09-14,0.012473141229984696,0.0,1.0,1.0,1.0,1.0,1,-1,-0.012473141229984696,-0.017473141229984696
2020-09-15,0.026078536260157,1.0,0.0,1.0,1.0,1.0,1,1,0.026078536260157,0.021078536260157
2020-09-16,0.014006562782885394,1.0,1.0,0.0,1.0,1.0,1,1,0.014006562782885394,0.014006562782885394
2020-09-17,0.004604214202172261,1.0,1.0,1.0,0.0,1.0,1,1,0.004604214202172261,0.004604214202172261
2020-09-18,-0.0035627867679299246,1.0,1.0,1.0,1.0,0.0,-1,1,-0.0035627867679299246,-0.0035627867679299246
2020-09-19,0.004281733126439087,0.0,1.0,1.0,1.0,1.0,1,-1,-0.004281733126439087,-0.009281733126439087
2020-09-20,-0.003073119383211513,1.0,0.0,1.0,1.0,1.0,-1,1,-0.003073119383211513,-0.008073119383211513
2020-09-21,-0.025215253443176742,0.0,1.0,0.0,1.0,1.0,-1,-1,0.025215253443176742,0.02021525344317674
2020-09-22,-0.015333818958574295,0.0,0.0,1.0,0.0,1.0,-1,-1,0.015333818958574295,0.015333818958574295
2020-09-23,-0.0118009193375774,0.0,0.0,0.0,1.0,0.0,-1,-1,0.0118009193375774,0.0118009193375774
2020-09-24,0.0046072968317756625,0.0,0.0,0.0,0.0,1.0,1,-1,-0.0046072968317756625,-0.0046072968317756625
2020-09-25,0.02344823075330214,1.0,0.0,0.0,0.0,0.0,1,1,0.02344823075330214,0.01844823075330214
2020-09-26,0.0038566869099775124,1.0,1.0,0.0,0.0,0.0,1,1,0.0038566869099775124,0.0038566869099775124
2020-09-27,-0.001494093996925593,1.0,1.0,1.0,0.0,0.0,-1,1,-0.001494093996925593,-0.001494093996925593
2020-09-28,0.007871925217826998,0.0,1.0,1.0,1.0,0.0,1,-1,-0.007871925217826998,-0.012871925217826999
2020-09-29,0.0016158238705491206,1.0,0.0,1.0,1.0,1.0,1,1,0.0016158238705491206,-0.0033841761294508797
2020-09-30,-0.008280377829270888,1.0,1.0,0.0,1.0,1.0,-1,1,-0.008280377829270888,-0.008280377829270888
2020-10-01,-0.008475330232208634,0.0,1.0,1.0,0.0,1.0,-1,-1,0.008475330232208634,0.003475330232208634
2020-10-02,-0.010790503791834568,0.0,0.0,1.0,1.0,0.0,-1,-1,0.010790503791834568,0.010790503791834568
2020-10-03,-0.0007372966804094376,0.0,0.0,0.0,1.0,1.0,-1,-1,0.0007372966804094376,0.0007372966804094376
2020-10-04,0.00866358175893681,0.0,0.0,0.0,0.0,1.0,1,-1,-0.00866358175893681,-0.00866358175893681
2020-10-05,0.0074177283533140214,1.0,0.0,0.0,0.0,0.0,1,1,0.0074177283533140214,0.0024177283533140213
2020-10-06,-0.003644993743248757,1.0,1.0,0.0,0.0,0.0,-1,1,-0.003644993743248757,-0.003644993743248757
2020-10-07,-0.003788743115290117,0.0,1.0,1.0,0.0,0.0,-1,-1,0.003788743115290117,-0.001211256884709883
2020-10-08,0.014468797592959534,0.0,0.0,1.0,1.0,0.0,1,-1,-0.014468797592959534,-0.014468797592959534
2020-10-09,0.018186081876263572,1.0,0.0,0.0,1.0,1.0,1,1,0.018186081876263572,0.013186081876263571
2020-10-10,0.02223057843588024,1.0,1.0,0.0,0.0,1.0,1,1,0.02223057843588024,0.02223057843588024
2020-10-11,0.011769934492298158,1.0,1.0,1.0,0.0,0.0,1,1,0.011769934492298158,0.011769934492298158
2020-10-12,0.013782382453012781,1.0,1.0,1.0,1.0,0.0,1,1,0.013782382453012781,0.013782382453012781
2020-10-13,0.005577981773405337,1.0,1.0,1.0,1.0,1.0,1,1,0.005577981773405337,0.005577981773405337
2020-10-14,-0.01342534982216294,1.0,1.0,1.0,1.0,1.0,-1,1,-0.01342534982216294,-0.01342534982216294
2020-10-15,0.002280912644996649,0.0,1.0,1.0,1.0,1.0,1,-1,-0.002280912644996649,-0.007280912644996649
2020-10-16,-0.002016909128669966,1.0,0.0,1.0,1.0,1.0,-1,1,-0.002016909128669966,-0.007016909128669966
2020-10-17,-0.0065840725202652006,0.0,1.0,0.0,1.0,1.0,-1,-1,0.0065840725202652006,0.0015840725202652004
2020-10-18,0.005242316984964124,0.0,0.0,1.0,0.0,1.0,1,-1,-0.005242316984964124,-0.005242316984964124
2020-10-19,0.01761797206185398,1.0,0.0,0.0,1.0,0.0,1,1,0.01761797206185398,0.012617972061853978
2020-10-20,0.019933540528215842,1.0,1.0,0.0,0.0,1.0,1,1,0.019933540528215842,0.019933540528215842
2020-10-21,0.04877862420477508,1.0,1.0,1.0,0.0,0.0,1,1,0.04877862420477508,0.04877862420477508
2020-10-22,0.047748874915110574,1.0,1.0,1.0,1.0,0.0,1,1,0.047748874915110574,0.047748874915110574
2020-10-23,-0.0004762259072535841,1.0,1.0,1.0,1.0,1.0,-1,1,-0.0004762259072535841,-0.0004762259072535841
2020-10-24,-0.0028948215927086774,0.0,1.0,1.0,1.0,1.0,-1,-1,0.0028948215927086774,-0.0021051784072913227
2020-10-25,0.00395279356697246,0.0,0.0,1.0,1.0,1.0,1,-1,-0.00395279356697246,-0.00395279356697246
2020-10-26,-0.0009456051628530009,1.0,0.0,0.0,1.0,1.0,-1,1,-0.0009456051628530009,-0.005945605162853001
2020-10-27,0.02706703017146404,0.0,1.0,0.0,0.0,1.0,1,-1,-0.02706703017146404,-0.03206703017146404
2020-10-28,0.007900853412597834,1.0,0.0,1.0,0.0,0.0,1,1,0.007900853412597834,0.0029008534125978336
2020-10-29,-0.012119540619975997,1.0,1.0,0.0,1.0,0.0,-1,1,-0.012119540619975997,-0.012119540619975997
2020-10-30,0.01127896519311715,0.0,1.0,1.0,0.0,1.0,1,-1,-0.01127896519311715,-0.01627896519311715
2020-10-31,0.016989204148721192,1.0,0.0,1.0,1.0,0.0,1,1,0.016989204148721192,0.011989204148721191
2020-11-01,0.004692665742676963,1.0,1.0,0.0,1.0,1.0,1,1,0.004692665742676963,0.004692665742676963
2020-11-02,-0.010590643623382114,1.0,1.0,1.0,0.0,1.0,-1,1,-0.010590643623382114,-0.010590643623382114
2020-11-03,0.004773619100592422,0.0,1.0,1.0,1.0,0.0,1,-1,-0.004773619100592422,-0.009773619100592422
2020-11-04,0.01960623310504684,1.0,0.0,1.0,1.0,1.0,1,1,0.01960623310504684,0.014606233105046839
2020-11-05,0.060205034996063354,1.0,1.0,0.0,1.0,1.0,1,1,0.060205034996063354,0.060205034996063354
2020-11-06,0.048641094643523876,1.0,1.0,1.0,0.0,1.0,1,1,0.048641094643523876,0.048641094643523876
2020-11-07,-0.023530886965871876,1.0,1.0,1.0,1.0,0.0,-1,1,-0.023530886965871876,-0.023530886965871876
2020-11-08,-0.0031363456619935655,0.0,1.0,1.0,1.0,1.0,-1,-1,0.0031363456619935655,-0.0018636543380064347
2020-11-09,0.013918142398727223,0.0,0.0,1.0,1.0,1.0,1,-1,-0.013918142398727223,-0.013918142398727223
2020-11-10,-0.00453944125341309,1.0,0.0,0.0,1.0,1.0,-1,1,-0.00453944125341309,-0.00953944125341309
2020-11-11,0.018019391458876006,0.0,1.0,0.0,0.0,1.0,1,-1,-0.018019391458876006,-0.023019391458876007
2020-11-12,0.026400808663763813,1.0,0.0,1.0,0.0,0.0,1,1,0.026400808663763813,0.02140080866376381
2020-11-13,0.016336549412763923,1.0,1.0,0.0,1.0,0.0,1,1,0.016336549412763923,0.016336549412763923
2020-11-14,-0.00621075513529081,1.0,1.0,1.0,0.0,1.0,-1,1,-0.00621075513529081,-0.00621075513529081
2020-11-15,-0.011684378506382103,0.0,1.0,1.0,1.0,0.0,-1,-1,0.011684378506382103,0.006684378506382103
2020-11-16,0.021243753534437814,0.0,0.0,1.0,1.0,1.0,1,-1,-0.021243753534437814,-0.021243753534437814
2020-11-17,0.049503530330682895,1.0,0.0,0.0,1.0,1.0,1,1,0.049503530330682895,0.0445035303306829
2020-11-18,0.03205552624335727,1.0,1.0,0.0,0.0,1.0,1,1,0.03205552624335727,0.03205552624335727
2020-11-19,0.007683254836939226,1.0,1.0,1.0,0.0,0.0,1,1,0.007683254836939226,0.007683254836939226
2020-11-20,0.021960024766639316,1.0,1.0,1.0,1.0,0.0,1,1,0.021960024766639316,0.021960024766639316
2020-11-21,0.020433687252546063,1.0,1.0,1.0,1.0,1.0,1,1,0.020433687252546063,0.020433687252546063
2020-11-22,-4.294145764918882e-05,1.0,1.0,1.0,1.0,1.0,-1,1,-4.294145764918882e-05,-4.294145764918882e-05
2020-11-23,-0.0070742234271250985,0.0,1.0,1.0,1.0,1.0,-1,-1,0.0070742234271250985,0.0020742234271250983
2020-11-24,0.014828461335846185,0.0,0.0,1.0,1.0,1.0,1,-1,-0.014828461335846185,-0.014828461335846185
2020-11-25,0.009336488024277483,1.0,0.0,0.0,1.0,1.0,1,1,0.009336488024277483,0.004336488024277483
2020-11-26,-0.05201079891294575,1.0,1.0,0.0,0.0,1.0,-1,1,-0.05201079891294575,-0.05201079891294575
2020-11-27,-0.051025656645298935,0.0,1.0,1.0,0.0,0.0,-1,-1,0.051025656645298935,0.04602565664529894
2020-11-28,0.016887253833187094,0.0,0.0,1.0,1.0,0.0,1,-1,-0.016887253833187094,-0.016887253833187094
2020-11-29,0.0331621225068296,1.0,0.0,0.0,1.0,1.0,1,1,0.0331621225068296,0.0281621225068296
2020-11-30,0.046312078130227065,1.0,1.0,0.0,0.0,1.0,1,1,0.046312078130227065,0.046312078130227065
2020-12-01,0.020882790723047155,1.0,1.0,1.0,0.0,0.0,1,1,0.020882790723047155,0.020882790723047155
2020-12-02,-0.009637952400644344,1.0,1.0,1.0,1.0,0.0,-1,1,-0.009637952400644344,-0.009637952400644344
2020-12-03,0.013950788741675487,0.0,1.0,1.0,1.0,1.0,1,-1,-0.013950788741675487,-0.018950788741675488
2020-12-04,-0.01185659933667104,1.0,0.0,1.0,1.0,1.0,-1,1,-0.01185659933667104,-0.01685659933667104
2020-12-05,-0.011763084496128019,0.0,1.0,0.0,1.0,1.0,-1,-1,0.011763084496128019,0.006763084496128019
2020-12-06,0.012072040245195002,0.0,0.0,1.0,0.0,1.0,1,-1,-0.012072040245195002,-0.012072040245195002
2020-12-07,0.0027888561755589334,1.0,0.0,0.0,1.0,0.0,1,1,0.0027888561755589334,-0.0022111438244410667
2020-12-08,-0.01777959693913813,1.0,1.0,0.0,0.0,1.0,-1,1,-0.01777959693913813,-0.01777959693913813
2020-12-09,-0.017422716541342243,0.0,1.0,1.0,0.0,0.0,-1,-1,0.017422716541342243,0.012422716541342242
2020-12-10,-0.0015481774362938311,0.0,0.0,1.0,1.0,0.0,-1,-1,0.0015481774362938311,0.0015481774362938311
2020-12-11,-0.011616791464070395,0.0,0.0,0.0,1.0,1.0,-1,-1,0.011616791464070395,0.011616791464070395
2020-12-12,0.015115194045754989,0.0,0.0,0.0,0.0,1.0,1,-1,-0.015115194045754989,-0.015115194045754989
2020-12-13,0.025998085597856865,1.0,0.0,0.0,0.0,0.0,1,1,0.025998085597856865,0.020998085597856864
2020-12-14,0.010442524994354684,1.0,1.0,0.0,0.0,0.0,1,1,0.010442524994354684,0.010442524994354684
2020-12-15,0.009476122281251735,1.0,1.0,1.0,0.0,0.0,1,1,0.009476122281251735,0.009476122281251735
2020-12-16,0.05300948414566281,1.0,1.0,1.0,1.0,0.0,1,1,0.05300948414566281,0.05300948414566281
2020-12-17,0.0817600451695172,1.0,1.0,1.0,1.0,1.0,1,1,0.0817600451695172,0.0817600451695172
2020-12-18,0.03657538630265589,1.0,1.0,1.0,1.0,1.0,1,1,0.03657538630265589,0.03657538630265589
2020-12-19,0.02031946469951,1.0,1.0,1.0,1.0,1.0,1,1,0.02031946469951,0.02031946469951
2020-12-20,0.009689663098887705,1.0,1.0,1.0,1.0,1.0,1,1,0.009689663098887705,0.009689663098887705
2020-12-21,-0.015665106457687945,1.0,1.0,1.0,1.0,1.0,-1,1,-0.015665106457687945,-0.015665106457687945
2020-12-22,0.004875368872433393,0.0,1.0,1.0,1.0,1.0,1,-1,-0.004875368872433393,-0.009875368872433392
2020-12-23,0.002047444233218311,1.0,0.0,1.0,1.0,1.0,1,1,0.002047444233218311,-0.0029525557667816893
2020-12-24,-0.0008583426552950375,1.0,1.0,0.0,1.0,1.0,-1,1,-0.0008583426552950375,-0.0008583426552950375
2020-12-25,0.02758586154797611,0.0,1.0,1.0,0.0,1.0,1,-1,-0.02758586154797611,-0.03258586154797611
2020-12-26,0.05398612367529523,1.0,0.0,1.0,1.0,0.0,1,1,0.05398612367529523,0.048986123675295236
2020-12-27,0.03678390467883322,1.0,1.0,0.0,1.0,1.0,1,1,0.03678390467883322,0.03678390467883322
2020-12-28,0.00856639842559095,1.0,1.0,1.0,0.0,1.0,1,1,0.00856639842559095,0.00856639842559095
2020-12-29,0.010468323858303777,1.0,1.0,1.0,1.0,0.0,1,1,0.010468323858303777,0.010468323858303777
2020-12-30,0.03435666090817326,1.0,1.0,1.0,1.0,1.0,1,1,0.03435666090817326,0.03435666090817326
2020-12-31,0.03669434896856027,1.0,1.0,1.0,1.0,1.0,1,1,0.03669434896856027,0.03669434896856027
2021-01-01,0.010893141853967508,1.0,1.0,1.0,1.0,1.0,1,1,0.010893141853967508,0.010893141853967508
2021-01-02,0.05116392795657836,1.0,1.0,1.0,1.0,1.0,1,1,0.05116392795657836,0.05116392795657836
2021-01-03,0.05963262844652283,1.0,1.0,1.0,1.0,1.0,1,1,0.05963262844652283,0.05963262844652283
2021-01-04,-0.012109419431366009,1.0,1.0,1.0,1.0,1.0,-1,1,-0.012109419431366009,-0.012109419431366009
2021-01-05,0.01747419517919249,0.0,1.0,1.0,1.0,1.0,1,-1,-0.01747419517919249,-0.02247419517919249
2021-01-06,0.0689930440628301,1.0,0.0,1.0,1.0,1.0,1,1,0.0689930440628301,0.0639930440628301
2021-01-07,0.07376407084492034,1.0,1.0,0.0,1.0,1.0,1,1,0.07376407084492034,0.07376407084492034
2021-01-08,0.059814877988692144,1.0,1.0,1.0,0.0,1.0,1,1,0.059814877988692144,0.059814877988692144
2021-01-09,0.009258897922997156,1.0,1.0,1.0,1.0,0.0,1,1,0.009258897922997156,0.009258897922997156
