,LMA,MinPrice,MaxPrice,Position,MARKET,STRATEGY,OUT
0,20,1,1,,4.557127971426597,4.557127971426597,0.0
854,180,11,9,,2.854716432113183,2.854716432113183,0.0
872,180,15,5,,2.854716432113183,2.854716432113183,0.0
871,180,15,3,,2.854716432113183,2.854716432113183,0.0
870,180,15,1,,2.854716432113183,2.854716432113183,0.0
869,180,13,19,,2.854716432113183,2.854716432113183,0.0
868,180,13,17,,2.854716432113183,2.854716432113183,0.0
867,180,13,15,,2.854716432113183,2.854716432113183,0.0
866,180,13,13,,2.854716432113183,2.854716432113183,0.0
865,180,13,11,,2.854716432113183,2.854716432113183,0.0
864,180,13,9,,2.854716432113183,2.854716432113183,0.0
863,180,13,7,,2.854716432113183,2.854716432113183,0.0
862,180,13,5,,2.854716432113183,2.854716432113183,0.0
861,180,13,3,,2.854716432113183,2.854716432113183,0.0
860,180,13,1,,2.854716432113183,2.854716432113183,0.0
859,180,11,19,,2.854716432113183,2.854716432113183,0.0
858,180,11,17,,2.854716432113183,2.854716432113183,0.0
857,180,11,15,,2.854716432113183,2.854716432113183,0.0
856,180,11,13,,2.854716432113183,2.854716432113183,0.0
873,180,15,7,,2.854716432113183,2.854716432113183,0.0
874,180,15,9,,2.854716432113183,2.854716432113183,0.0
875,180,15,11,,2.854716432113183,2.854716432113183,0.0
885,180,17,11,,2.854716432113183,2.854716432113183,0.0
892,180,19,5,,2.854716432113183,2.854716432113183,0.0
891,180,19,3,,2.854716432113183,2.854716432113183,0.0
890,180,19,1,,2.854716432113183,2.854716432113183,0.0
889,180,17,19,,2.854716432113183,2.854716432113183,0.0
888,180,17,17,,2.854716432113183,2.854716432113183,0.0
887,180,17,15,,2.854716432113183,2.854716432113183,0.0
886,180,17,13,,2.854716432113183,2.854716432113183,0.0
884,180,17,9,,2.854716432113183,2.854716432113183,0.0
876,180,15,13,,2.854716432113183,2.854716432113183,0.0
883,180,17,7,,2.854716432113183,2.854716432113183,0.0
882,180,17,5,,2.854716432113183,2.854716432113183,0.0
881,180,17,3,,2.854716432113183,2.854716432113183,0.0
880,180,17,1,,2.854716432113183,2.854716432113183,0.0
879,180,15,19,,2.854716432113183,2.854716432113183,0.0
878,180,15,17,,2.854716432113183,2.854716432113183,0.0
877,180,15,15,,2.854716432113183,2.854716432113183,0.0
855,180,11,11,,2.854716432113183,2.854716432113183,0.0
853,180,11,7,,2.854716432113183,2.854716432113183,0.0
813,180,3,7,,2.854716432113183,2.854716432113183,0.0
852,180,11,5,,2.854716432113183,2.854716432113183,0.0
831,180,7,3,,2.854716432113183,2.854716432113183,0.0
830,180,7,1,,2.854716432113183,2.854716432113183,0.0
829,180,5,19,,2.854716432113183,2.854716432113183,0.0
828,180,5,17,,2.854716432113183,2.854716432113183,0.0
827,180,5,15,,2.854716432113183,2.854716432113183,0.0
826,180,5,13,,2.854716432113183,2.854716432113183,0.0
825,180,5,11,,2.854716432113183,2.854716432113183,0.0
824,180,5,9,,2.854716432113183,2.854716432113183,0.0
823,180,5,7,,2.854716432113183,2.854716432113183,0.0
822,180,5,5,,2.854716432113183,2.854716432113183,0.0
821,180,5,3,,2.854716432113183,2.854716432113183,0.0
820,180,5,1,,2.854716432113183,2.854716432113183,0.0
819,180,3,19,,2.854716432113183,2.854716432113183,0.0
818,180,3,17,,2.854716432113183,2.854716432113183,0.0
817,180,3,15,,2.854716432113183,2.854716432113183,0.0
816,180,3,13,,2.854716432113183,2.854716432113183,0.0
815,180,3,11,,2.854716432113183,2.854716432113183,0.0
832,180,7,5,,2.854716432113183,2.854716432113183,0.0
833,180,7,7,,2.854716432113183,2.854716432113183,0.0
834,180,7,9,,2.854716432113183,2.854716432113183,0.0
844,180,9,9,,2.854716432113183,2.854716432113183,0.0
851,180,11,3,,2.854716432113183,2.854716432113183,0.0
850,180,11,1,,2.854716432113183,2.854716432113183,0.0
849,180,9,19,,2.854716432113183,2.854716432113183,0.0
848,180,9,17,,2.854716432113183,2.854716432113183,0.0
847,180,9,15,,2.854716432113183,2.854716432113183,0.0
846,180,9,13,,2.854716432113183,2.854716432113183,0.0
845,180,9,11,,2.854716432113183,2.854716432113183,0.0
843,180,9,7,,2.854716432113183,2.854716432113183,0.0
835,180,7,11,,2.854716432113183,2.854716432113183,0.0
842,180,9,5,,2.854716432113183,2.854716432113183,0.0
841,180,9,3,,2.854716432113183,2.854716432113183,0.0
840,180,9,1,,2.854716432113183,2.854716432113183,0.0
839,180,7,19,,2.854716432113183,2.854716432113183,0.0
838,180,7,17,,2.854716432113183,2.854716432113183,0.0
837,180,7,15,,2.854716432113183,2.854716432113183,0.0
836,180,7,13,,2.854716432113183,2.854716432113183,0.0
893,180,19,7,,2.854716432113183,2.854716432113183,0.0
894,180,19,9,,2.854716432113183,2.854716432113183,0.0
895,180,19,11,,2.854716432113183,2.854716432113183,0.0
896,180,19,13,,2.854716432113183,2.854716432113183,0.0
953,200,11,7,,2.8372619710603706,2.8372619710603706,0.0
952,200,11,5,,2.8372619710603706,2.8372619710603706,0.0
951,200,11,3,,2.8372619710603706,2.8372619710603706,0.0
950,200,11,1,,2.8372619710603706,2.8372619710603706,0.0
949,200,9,19,,2.8372619710603706,2.8372619710603706,0.0
948,200,9,17,,2.8372619710603706,2.8372619710603706,0.0
947,200,9,15,,2.8372619710603706,2.8372619710603706,0.0
946,200,9,13,,2.8372619710603706,2.8372619710603706,0.0
945,200,9,11,,2.8372619710603706,2.8372619710603706,0.0
944,200,9,9,,2.8372619710603706,2.8372619710603706,0.0
943,200,9,7,,2.8372619710603706,2.8372619710603706,0.0
942,200,9,5,,2.8372619710603706,2.8372619710603706,0.0
941,200,9,3,,2.8372619710603706,2.8372619710603706,0.0
940,200,9,1,,2.8372619710603706,2.8372619710603706,0.0
939,200,7,19,,2.8372619710603706,2.8372619710603706,0.0
938,200,7,17,,2.8372619710603706,2.8372619710603706,0.0
937,200,7,15,,2.8372619710603706,2.8372619710603706,0.0
954,200,11,9,,2.8372619710603706,2.8372619710603706,0.0
955,200,11,11,,2.8372619710603706,2.8372619710603706,0.0
956,200,11,13,,2.8372619710603706,2.8372619710603706,0.0
966,200,13,13,,2.8372619710603706,2.8372619710603706,0.0
973,200,15,7,,2.8372619710603706,2.8372619710603706,0.0
972,200,15,5,,2.8372619710603706,2.8372619710603706,0.0
971,200,15,3,,2.8372619710603706,2.8372619710603706,0.0
970,200,15,1,,2.8372619710603706,2.8372619710603706,0.0
969,200,13,19,,2.8372619710603706,2.8372619710603706,0.0
968,200,13,17,,2.8372619710603706,2.8372619710603706,0.0
967,200,13,15,,2.8372619710603706,2.8372619710603706,0.0
965,200,13,11,,2.8372619710603706,2.8372619710603706,0.0
957,200,11,15,,2.8372619710603706,2.8372619710603706,0.0
964,200,13,9,,2.8372619710603706,2.8372619710603706,0.0
963,200,13,7,,2.8372619710603706,2.8372619710603706,0.0
962,200,13,5,,2.8372619710603706,2.8372619710603706,0.0
961,200,13,3,,2.8372619710603706,2.8372619710603706,0.0
960,200,13,1,,2.8372619710603706,2.8372619710603706,0.0
959,200,11,19,,2.8372619710603706,2.8372619710603706,0.0
958,200,11,17,,2.8372619710603706,2.8372619710603706,0.0
936,200,7,13,,2.8372619710603706,2.8372619710603706,0.0
935,200,7,11,,2.8372619710603706,2.8372619710603706,0.0
934,200,7,9,,2.8372619710603706,2.8372619710603706,0.0
905,200,1,11,,2.8372619710603706,2.8372619710603706,0.0
912,200,3,5,,2.8372619710603706,2.8372619710603706,0.0
911,200,3,3,,2.8372619710603706,2.8372619710603706,0.0
910,200,3,1,,2.8372619710603706,2.8372619710603706,0.0
909,200,1,19,,2.8372619710603706,2.8372619710603706,0.0
908,200,1,17,,2.8372619710603706,2.8372619710603706,0.0
907,200,1,15,,2.8372619710603706,2.8372619710603706,0.0
906,200,1,13,,2.8372619710603706,2.8372619710603706,0.0
904,200,1,9,,2.8372619710603706,2.8372619710603706,0.0
914,200,3,9,,2.8372619710603706,2.8372619710603706,0.0
903,200,1,7,,2.8372619710603706,2.8372619710603706,0.0
902,200,1,5,,2.8372619710603706,2.8372619710603706,0.0
901,200,1,3,,2.8372619710603706,2.8372619710603706,0.0
900,200,1,1,,2.8372619710603706,2.8372619710603706,0.0
899,180,19,19,,2.854716432113183,2.854716432113183,0.0
898,180,19,17,,2.854716432113183,2.854716432113183,0.0
897,180,19,15,,2.854716432113183,2.854716432113183,0.0
913,200,3,7,,2.8372619710603706,2.8372619710603706,0.0
915,200,3,11,,2.8372619710603706,2.8372619710603706,0.0
933,200,7,7,,2.8372619710603706,2.8372619710603706,0.0
925,200,5,11,,2.8372619710603706,2.8372619710603706,0.0
932,200,7,5,,2.8372619710603706,2.8372619710603706,0.0
931,200,7,3,,2.8372619710603706,2.8372619710603706,0.0
930,200,7,1,,2.8372619710603706,2.8372619710603706,0.0
929,200,5,19,,2.8372619710603706,2.8372619710603706,0.0
928,200,5,17,,2.8372619710603706,2.8372619710603706,0.0
927,200,5,15,,2.8372619710603706,2.8372619710603706,0.0
926,200,5,13,,2.8372619710603706,2.8372619710603706,0.0
924,200,5,9,,2.8372619710603706,2.8372619710603706,0.0
916,200,3,13,,2.8372619710603706,2.8372619710603706,0.0
923,200,5,7,,2.8372619710603706,2.8372619710603706,0.0
922,200,5,5,,2.8372619710603706,2.8372619710603706,0.0
921,200,5,3,,2.8372619710603706,2.8372619710603706,0.0
920,200,5,1,,2.8372619710603706,2.8372619710603706,0.0
919,200,3,19,,2.8372619710603706,2.8372619710603706,0.0
918,200,3,17,,2.8372619710603706,2.8372619710603706,0.0
917,200,3,15,,2.8372619710603706,2.8372619710603706,0.0
814,180,3,9,,2.854716432113183,2.854716432113183,0.0
812,180,3,5,,2.854716432113183,2.854716432113183,0.0
1,20,1,3,,4.557127971426597,4.557127971426597,0.0
691,140,19,3,,2.990286603379763,2.990286603379763,0.0
709,160,1,19,,2.4653756685626966,2.4653756685626966,0.0
708,160,1,17,,2.4653756685626966,2.4653756685626966,0.0
707,160,1,15,,2.4653756685626966,2.4653756685626966,0.0
706,160,1,13,,2.4653756685626966,2.4653756685626966,0.0
705,160,1,11,,2.4653756685626966,2.4653756685626966,0.0
704,160,1,9,,2.4653756685626966,2.4653756685626966,0.0
703,160,1,7,,2.4653756685626966,2.4653756685626966,0.0
702,160,1,5,,2.4653756685626966,2.4653756685626966,0.0
701,160,1,3,,2.4653756685626966,2.4653756685626966,0.0
700,160,1,1,,2.4653756685626966,2.4653756685626966,0.0
699,140,19,19,,2.990286603379763,2.990286603379763,0.0
698,140,19,17,,2.990286603379763,2.990286603379763,0.0
697,140,19,15,,2.990286603379763,2.990286603379763,0.0
696,140,19,13,,2.990286603379763,2.990286603379763,0.0
695,140,19,11,,2.990286603379763,2.990286603379763,0.0
694,140,19,9,,2.990286603379763,2.990286603379763,0.0
693,140,19,7,,2.990286603379763,2.990286603379763,0.0
710,160,3,1,,2.4653756685626966,2.4653756685626966,0.0
711,160,3,3,,2.4653756685626966,2.4653756685626966,0.0
712,160,3,5,,2.4653756685626966,2.4653756685626966,0.0
722,160,5,5,,2.4653756685626966,2.4653756685626966,0.0
729,160,5,19,,2.4653756685626966,2.4653756685626966,0.0
728,160,5,17,,2.4653756685626966,2.4653756685626966,0.0
727,160,5,15,,2.4653756685626966,2.4653756685626966,0.0
726,160,5,13,,2.4653756685626966,2.4653756685626966,0.0
725,160,5,11,,2.4653756685626966,2.4653756685626966,0.0
724,160,5,9,,2.4653756685626966,2.4653756685626966,0.0
723,160,5,7,,2.4653756685626966,2.4653756685626966,0.0
721,160,5,3,,2.4653756685626966,2.4653756685626966,0.0
713,160,3,7,,2.4653756685626966,2.4653756685626966,0.0
720,160,5,1,,2.4653756685626966,2.4653756685626966,0.0
719,160,3,19,,2.4653756685626966,2.4653756685626966,0.0
718,160,3,17,,2.4653756685626966,2.4653756685626966,0.0
717,160,3,15,,2.4653756685626966,2.4653756685626966,0.0
716,160,3,13,,2.4653756685626966,2.4653756685626966,0.0
715,160,3,11,,2.4653756685626966,2.4653756685626966,0.0
714,160,3,9,,2.4653756685626966,2.4653756685626966,0.0
692,140,19,5,,2.990286603379763,2.990286603379763,0.0
690,140,19,1,,2.990286603379763,2.990286603379763,0.0
811,180,3,3,,2.854716432113183,2.854716432113183,0.0
689,140,17,19,,2.990286603379763,2.990286603379763,0.0
668,140,13,17,,2.990286603379763,2.990286603379763,0.0
667,140,13,15,,2.990286603379763,2.990286603379763,0.0
666,140,13,13,,2.990286603379763,2.990286603379763,0.0
665,140,13,11,,2.990286603379763,2.990286603379763,0.0
664,140,13,9,,2.990286603379763,2.990286603379763,0.0
663,140,13,7,,2.990286603379763,2.990286603379763,0.0
662,140,13,5,,2.990286603379763,2.990286603379763,0.0
661,140,13,3,,2.990286603379763,2.990286603379763,0.0
660,140,13,1,,2.990286603379763,2.990286603379763,0.0
659,140,11,19,,2.990286603379763,2.990286603379763,0.0
658,140,11,17,,2.990286603379763,2.990286603379763,0.0
657,140,11,15,,2.990286603379763,2.990286603379763,0.0
656,140,11,13,,2.990286603379763,2.990286603379763,0.0
655,140,11,11,,2.990286603379763,2.990286603379763,0.0
654,140,11,9,,2.990286603379763,2.990286603379763,0.0
653,140,11,7,,2.990286603379763,2.990286603379763,0.0
652,140,11,5,,2.990286603379763,2.990286603379763,0.0
669,140,13,19,,2.990286603379763,2.990286603379763,0.0
670,140,15,1,,2.990286603379763,2.990286603379763,0.0
671,140,15,3,,2.990286603379763,2.990286603379763,0.0
681,140,17,3,,2.990286603379763,2.990286603379763,0.0
688,140,17,17,,2.990286603379763,2.990286603379763,0.0
687,140,17,15,,2.990286603379763,2.990286603379763,0.0
686,140,17,13,,2.990286603379763,2.990286603379763,0.0
685,140,17,11,,2.990286603379763,2.990286603379763,0.0
684,140,17,9,,2.990286603379763,2.990286603379763,0.0
683,140,17,7,,2.990286603379763,2.990286603379763,0.0
682,140,17,5,,2.990286603379763,2.990286603379763,0.0
680,140,17,1,,2.990286603379763,2.990286603379763,0.0
672,140,15,5,,2.990286603379763,2.990286603379763,0.0
679,140,15,19,,2.990286603379763,2.990286603379763,0.0
678,140,15,17,,2.990286603379763,2.990286603379763,0.0
677,140,15,15,,2.990286603379763,2.990286603379763,0.0
676,140,15,13,,2.990286603379763,2.990286603379763,0.0
675,140,15,11,,2.990286603379763,2.990286603379763,0.0
674,140,15,9,,2.990286603379763,2.990286603379763,0.0
673,140,15,7,,2.990286603379763,2.990286603379763,0.0
730,160,7,1,,2.4653756685626966,2.4653756685626966,0.0
731,160,7,3,,2.4653756685626966,2.4653756685626966,0.0
732,160,7,5,,2.4653756685626966,2.4653756685626966,0.0
733,160,7,7,,2.4653756685626966,2.4653756685626966,0.0
790,160,19,1,,2.4653756685626966,2.4653756685626966,0.0
789,160,17,19,,2.4653756685626966,2.4653756685626966,0.0
788,160,17,17,,2.4653756685626966,2.4653756685626966,0.0
787,160,17,15,,2.4653756685626966,2.4653756685626966,0.0
786,160,17,13,,2.4653756685626966,2.4653756685626966,0.0
785,160,17,11,,2.4653756685626966,2.4653756685626966,0.0
784,160,17,9,,2.4653756685626966,2.4653756685626966,0.0
783,160,17,7,,2.4653756685626966,2.4653756685626966,0.0
782,160,17,5,,2.4653756685626966,2.4653756685626966,0.0
781,160,17,3,,2.4653756685626966,2.4653756685626966,0.0
780,160,17,1,,2.4653756685626966,2.4653756685626966,0.0
779,160,15,19,,2.4653756685626966,2.4653756685626966,0.0
778,160,15,17,,2.4653756685626966,2.4653756685626966,0.0
777,160,15,15,,2.4653756685626966,2.4653756685626966,0.0
776,160,15,13,,2.4653756685626966,2.4653756685626966,0.0
775,160,15,11,,2.4653756685626966,2.4653756685626966,0.0
774,160,15,9,,2.4653756685626966,2.4653756685626966,0.0
791,160,19,3,,2.4653756685626966,2.4653756685626966,0.0
792,160,19,5,,2.4653756685626966,2.4653756685626966,0.0
793,160,19,7,,2.4653756685626966,2.4653756685626966,0.0
803,180,1,7,,2.854716432113183,2.854716432113183,0.0
810,180,3,1,,2.854716432113183,2.854716432113183,0.0
809,180,1,19,,2.854716432113183,2.854716432113183,0.0
808,180,1,17,,2.854716432113183,2.854716432113183,0.0
807,180,1,15,,2.854716432113183,2.854716432113183,0.0
806,180,1,13,,2.854716432113183,2.854716432113183,0.0
805,180,1,11,,2.854716432113183,2.854716432113183,0.0
804,180,1,9,,2.854716432113183,2.854716432113183,0.0
802,180,1,5,,2.854716432113183,2.854716432113183,0.0
794,160,19,9,,2.4653756685626966,2.4653756685626966,0.0
801,180,1,3,,2.854716432113183,2.854716432113183,0.0
800,180,1,1,,2.854716432113183,2.854716432113183,0.0
799,160,19,19,,2.4653756685626966,2.4653756685626966,0.0
798,160,19,17,,2.4653756685626966,2.4653756685626966,0.0
797,160,19,15,,2.4653756685626966,2.4653756685626966,0.0
796,160,19,13,,2.4653756685626966,2.4653756685626966,0.0
795,160,19,11,,2.4653756685626966,2.4653756685626966,0.0
773,160,15,7,,2.4653756685626966,2.4653756685626966,0.0
772,160,15,5,,2.4653756685626966,2.4653756685626966,0.0
771,160,15,3,,2.4653756685626966,2.4653756685626966,0.0
742,160,9,5,,2.4653756685626966,2.4653756685626966,0.0
749,160,9,19,,2.4653756685626966,2.4653756685626966,0.0
748,160,9,17,,2.4653756685626966,2.4653756685626966,0.0
747,160,9,15,,2.4653756685626966,2.4653756685626966,0.0
746,160,9,13,,2.4653756685626966,2.4653756685626966,0.0
745,160,9,11,,2.4653756685626966,2.4653756685626966,0.0
744,160,9,9,,2.4653756685626966,2.4653756685626966,0.0
743,160,9,7,,2.4653756685626966,2.4653756685626966,0.0
741,160,9,3,,2.4653756685626966,2.4653756685626966,0.0
751,160,11,3,,2.4653756685626966,2.4653756685626966,0.0
740,160,9,1,,2.4653756685626966,2.4653756685626966,0.0
739,160,7,19,,2.4653756685626966,2.4653756685626966,0.0
738,160,7,17,,2.4653756685626966,2.4653756685626966,0.0
737,160,7,15,,2.4653756685626966,2.4653756685626966,0.0
736,160,7,13,,2.4653756685626966,2.4653756685626966,0.0
735,160,7,11,,2.4653756685626966,2.4653756685626966,0.0
734,160,7,9,,2.4653756685626966,2.4653756685626966,0.0
750,160,11,1,,2.4653756685626966,2.4653756685626966,0.0
752,160,11,5,,2.4653756685626966,2.4653756685626966,0.0
770,160,15,1,,2.4653756685626966,2.4653756685626966,0.0
762,160,13,5,,2.4653756685626966,2.4653756685626966,0.0
769,160,13,19,,2.4653756685626966,2.4653756685626966,0.0
768,160,13,17,,2.4653756685626966,2.4653756685626966,0.0
767,160,13,15,,2.4653756685626966,2.4653756685626966,0.0
766,160,13,13,,2.4653756685626966,2.4653756685626966,0.0
765,160,13,11,,2.4653756685626966,2.4653756685626966,0.0
764,160,13,9,,2.4653756685626966,2.4653756685626966,0.0
763,160,13,7,,2.4653756685626966,2.4653756685626966,0.0
761,160,13,3,,2.4653756685626966,2.4653756685626966,0.0
753,160,11,7,,2.4653756685626966,2.4653756685626966,0.0
760,160,13,1,,2.4653756685626966,2.4653756685626966,0.0
759,160,11,19,,2.4653756685626966,2.4653756685626966,0.0
758,160,11,17,,2.4653756685626966,2.4653756685626966,0.0
757,160,11,15,,2.4653756685626966,2.4653756685626966,0.0
756,160,11,13,,2.4653756685626966,2.4653756685626966,0.0
755,160,11,11,,2.4653756685626966,2.4653756685626966,0.0
754,160,11,9,,2.4653756685626966,2.4653756685626966,0.0
974,200,15,9,,2.8372619710603706,2.8372619710603706,0.0
975,200,15,11,,2.8372619710603706,2.8372619710603706,0.0
976,200,15,13,,2.8372619710603706,2.8372619710603706,0.0
1179,240,15,19,,2.1410594239421017,2.1410594239421017,0.0
1197,240,19,15,,2.1410594239421017,2.1410594239421017,0.0
1196,240,19,13,,2.1410594239421017,2.1410594239421017,0.0
1195,240,19,11,,2.1410594239421017,2.1410594239421017,0.0
1194,240,19,9,,2.1410594239421017,2.1410594239421017,0.0
1193,240,19,7,,2.1410594239421017,2.1410594239421017,0.0
1192,240,19,5,,2.1410594239421017,2.1410594239421017,0.0
1191,240,19,3,,2.1410594239421017,2.1410594239421017,0.0
1190,240,19,1,,2.1410594239421017,2.1410594239421017,0.0
1189,240,17,19,,2.1410594239421017,2.1410594239421017,0.0
1188,240,17,17,,2.1410594239421017,2.1410594239421017,0.0
1187,240,17,15,,2.1410594239421017,2.1410594239421017,0.0
1186,240,17,13,,2.1410594239421017,2.1410594239421017,0.0
1185,240,17,11,,2.1410594239421017,2.1410594239421017,0.0
1184,240,17,9,,2.1410594239421017,2.1410594239421017,0.0
1183,240,17,7,,2.1410594239421017,2.1410594239421017,0.0
1182,240,17,5,,2.1410594239421017,2.1410594239421017,0.0
1181,240,17,3,,2.1410594239421017,2.1410594239421017,0.0
1198,240,19,17,,2.1410594239421017,2.1410594239421017,0.0
1199,240,19,19,,2.1410594239421017,2.1410594239421017,0.0
1200,260,1,1,,1.575018738820436,1.575018738820436,0.0
1210,260,3,1,,1.575018738820436,1.575018738820436,0.0
1217,260,3,15,,1.575018738820436,1.575018738820436,0.0
1216,260,3,13,,1.575018738820436,1.575018738820436,0.0
1215,260,3,11,,1.575018738820436,1.575018738820436,0.0
1214,260,3,9,,1.575018738820436,1.575018738820436,0.0
1213,260,3,7,,1.575018738820436,1.575018738820436,0.0
1212,260,3,5,,1.575018738820436,1.575018738820436,0.0
1211,260,3,3,,1.575018738820436,1.575018738820436,0.0
1209,260,1,19,,1.575018738820436,1.575018738820436,0.0
1201,260,1,3,,1.575018738820436,1.575018738820436,0.0
1208,260,1,17,,1.575018738820436,1.575018738820436,0.0
1207,260,1,15,,1.575018738820436,1.575018738820436,0.0
1206,260,1,13,,1.575018738820436,1.575018738820436,0.0
1205,260,1,11,,1.575018738820436,1.575018738820436,0.0
1204,260,1,9,,1.575018738820436,1.575018738820436,0.0
1203,260,1,7,,1.575018738820436,1.575018738820436,0.0
1202,260,1,5,,1.575018738820436,1.575018738820436,0.0
1180,240,17,1,,2.1410594239421017,2.1410594239421017,0.0
1178,240,15,17,,2.1410594239421017,2.1410594239421017,0.0
977,200,15,15,,2.8372619710603706,2.8372619710603706,0.0
1177,240,15,15,,2.1410594239421017,2.1410594239421017,0.0
1156,240,11,13,,2.1410594239421017,2.1410594239421017,0.0
1155,240,11,11,,2.1410594239421017,2.1410594239421017,0.0
1154,240,11,9,,2.1410594239421017,2.1410594239421017,0.0
1153,240,11,7,,2.1410594239421017,2.1410594239421017,0.0
1152,240,11,5,,2.1410594239421017,2.1410594239421017,0.0
1151,240,11,3,,2.1410594239421017,2.1410594239421017,0.0
1150,240,11,1,,2.1410594239421017,2.1410594239421017,0.0
1149,240,9,19,,2.1410594239421017,2.1410594239421017,0.0
1148,240,9,17,,2.1410594239421017,2.1410594239421017,0.0
1147,240,9,15,,2.1410594239421017,2.1410594239421017,0.0
1146,240,9,13,,2.1410594239421017,2.1410594239421017,0.0
1145,240,9,11,,2.1410594239421017,2.1410594239421017,0.0
1144,240,9,9,,2.1410594239421017,2.1410594239421017,0.0
1143,240,9,7,,2.1410594239421017,2.1410594239421017,0.0
1142,240,9,5,,2.1410594239421017,2.1410594239421017,0.0
1141,240,9,3,,2.1410594239421017,2.1410594239421017,0.0
1140,240,9,1,,2.1410594239421017,2.1410594239421017,0.0
1157,240,11,15,,2.1410594239421017,2.1410594239421017,0.0
1158,240,11,17,,2.1410594239421017,2.1410594239421017,0.0
1159,240,11,19,,2.1410594239421017,2.1410594239421017,0.0
1169,240,13,19,,2.1410594239421017,2.1410594239421017,0.0
1176,240,15,13,,2.1410594239421017,2.1410594239421017,0.0
1175,240,15,11,,2.1410594239421017,2.1410594239421017,0.0
1174,240,15,9,,2.1410594239421017,2.1410594239421017,0.0
1173,240,15,7,,2.1410594239421017,2.1410594239421017,0.0
1172,240,15,5,,2.1410594239421017,2.1410594239421017,0.0
1171,240,15,3,,2.1410594239421017,2.1410594239421017,0.0
1170,240,15,1,,2.1410594239421017,2.1410594239421017,0.0
1168,240,13,17,,2.1410594239421017,2.1410594239421017,0.0
1160,240,13,1,,2.1410594239421017,2.1410594239421017,0.0
1167,240,13,15,,2.1410594239421017,2.1410594239421017,0.0
1166,240,13,13,,2.1410594239421017,2.1410594239421017,0.0
1165,240,13,11,,2.1410594239421017,2.1410594239421017,0.0
1164,240,13,9,,2.1410594239421017,2.1410594239421017,0.0
1163,240,13,7,,2.1410594239421017,2.1410594239421017,0.0
1162,240,13,5,,2.1410594239421017,2.1410594239421017,0.0
1161,240,13,3,,2.1410594239421017,2.1410594239421017,0.0
1218,260,3,17,,1.575018738820436,1.575018738820436,0.0
1219,260,3,19,,1.575018738820436,1.575018738820436,0.0
1220,260,5,1,,1.575018738820436,1.575018738820436,0.0
1221,260,5,3,,1.575018738820436,1.575018738820436,0.0
1278,260,15,17,,1.575018738820436,1.575018738820436,0.0
1277,260,15,15,,1.575018738820436,1.575018738820436,0.0
1276,260,15,13,,1.575018738820436,1.575018738820436,0.0
1275,260,15,11,,1.575018738820436,1.575018738820436,0.0
1274,260,15,9,,1.575018738820436,1.575018738820436,0.0
1273,260,15,7,,1.575018738820436,1.575018738820436,0.0
1272,260,15,5,,1.575018738820436,1.575018738820436,0.0
1271,260,15,3,,1.575018738820436,1.575018738820436,0.0
1270,260,15,1,,1.575018738820436,1.575018738820436,0.0
1269,260,13,19,,1.575018738820436,1.575018738820436,0.0
1268,260,13,17,,1.575018738820436,1.575018738820436,0.0
1267,260,13,15,,1.575018738820436,1.575018738820436,0.0
1266,260,13,13,,1.575018738820436,1.575018738820436,0.0
1265,260,13,11,,1.575018738820436,1.575018738820436,0.0
1264,260,13,9,,1.575018738820436,1.575018738820436,0.0
1263,260,13,7,,1.575018738820436,1.575018738820436,0.0
1262,260,13,5,,1.575018738820436,1.575018738820436,0.0
1279,260,15,19,,1.575018738820436,1.575018738820436,0.0
1280,260,17,1,,1.575018738820436,1.575018738820436,0.0
1281,260,17,3,,1.575018738820436,1.575018738820436,0.0
1291,260,19,3,,1.575018738820436,1.575018738820436,0.0
1298,260,19,17,,1.575018738820436,1.575018738820436,0.0
1297,260,19,15,,1.575018738820436,1.575018738820436,0.0
1296,260,19,13,,1.575018738820436,1.575018738820436,0.0
1295,260,19,11,,1.575018738820436,1.575018738820436,0.0
1294,260,19,9,,1.575018738820436,1.575018738820436,0.0
1293,260,19,7,,1.575018738820436,1.575018738820436,0.0
1292,260,19,5,,1.575018738820436,1.575018738820436,0.0
1290,260,19,1,,1.575018738820436,1.575018738820436,0.0
1282,260,17,5,,1.575018738820436,1.575018738820436,0.0
1289,260,17,19,,1.575018738820436,1.575018738820436,0.0
1288,260,17,17,,1.575018738820436,1.575018738820436,0.0
1287,260,17,15,,1.575018738820436,1.575018738820436,0.0
1286,260,17,13,,1.575018738820436,1.575018738820436,0.0
1285,260,17,11,,1.575018738820436,1.575018738820436,0.0
1284,260,17,9,,1.575018738820436,1.575018738820436,0.0
1283,260,17,7,,1.575018738820436,1.575018738820436,0.0
1261,260,13,3,,1.575018738820436,1.575018738820436,0.0
1260,260,13,1,,1.575018738820436,1.575018738820436,0.0
1259,260,11,19,,1.575018738820436,1.575018738820436,0.0
1230,260,7,1,,1.575018738820436,1.575018738820436,0.0
1237,260,7,15,,1.575018738820436,1.575018738820436,0.0
1236,260,7,13,,1.575018738820436,1.575018738820436,0.0
1235,260,7,11,,1.575018738820436,1.575018738820436,0.0
1234,260,7,9,,1.575018738820436,1.575018738820436,0.0
1233,260,7,7,,1.575018738820436,1.575018738820436,0.0
1232,260,7,5,,1.575018738820436,1.575018738820436,0.0
1231,260,7,3,,1.575018738820436,1.575018738820436,0.0
1229,260,5,19,,1.575018738820436,1.575018738820436,0.0
1239,260,7,19,,1.575018738820436,1.575018738820436,0.0
1228,260,5,17,,1.575018738820436,1.575018738820436,0.0
1227,260,5,15,,1.575018738820436,1.575018738820436,0.0
1226,260,5,13,,1.575018738820436,1.575018738820436,0.0
1225,260,5,11,,1.575018738820436,1.575018738820436,0.0
1224,260,5,9,,1.575018738820436,1.575018738820436,0.0
1223,260,5,7,,1.575018738820436,1.575018738820436,0.0
1222,260,5,5,,1.575018738820436,1.575018738820436,0.0
1238,260,7,17,,1.575018738820436,1.575018738820436,0.0
1240,260,9,1,,1.575018738820436,1.575018738820436,0.0
1258,260,11,17,,1.575018738820436,1.575018738820436,0.0
1250,260,11,1,,1.575018738820436,1.575018738820436,0.0
1257,260,11,15,,1.575018738820436,1.575018738820436,0.0
1256,260,11,13,,1.575018738820436,1.575018738820436,0.0
1255,260,11,11,,1.575018738820436,1.575018738820436,0.0
1254,260,11,9,,1.575018738820436,1.575018738820436,0.0
1253,260,11,7,,1.575018738820436,1.575018738820436,0.0
1252,260,11,5,,1.575018738820436,1.575018738820436,0.0
1251,260,11,3,,1.575018738820436,1.575018738820436,0.0
1249,260,9,19,,1.575018738820436,1.575018738820436,0.0
1241,260,9,3,,1.575018738820436,1.575018738820436,0.0
1248,260,9,17,,1.575018738820436,1.575018738820436,0.0
1247,260,9,15,,1.575018738820436,1.575018738820436,0.0
1246,260,9,13,,1.575018738820436,1.575018738820436,0.0
1245,260,9,11,,1.575018738820436,1.575018738820436,0.0
1244,260,9,9,,1.575018738820436,1.575018738820436,0.0
1243,260,9,7,,1.575018738820436,1.575018738820436,0.0
1242,260,9,5,,1.575018738820436,1.575018738820436,0.0
1139,240,7,19,,2.1410594239421017,2.1410594239421017,0.0
1138,240,7,17,,2.1410594239421017,2.1410594239421017,0.0
1137,240,7,15,,2.1410594239421017,2.1410594239421017,0.0
1056,220,11,13,,2.541048387237907,2.541048387237907,0.0
1034,220,7,9,,2.541048387237907,2.541048387237907,0.0
1033,220,7,7,,2.541048387237907,2.541048387237907,0.0
1032,220,7,5,,2.541048387237907,2.541048387237907,0.0
1031,220,7,3,,2.541048387237907,2.541048387237907,0.0
1030,220,7,1,,2.541048387237907,2.541048387237907,0.0
1029,220,5,19,,2.541048387237907,2.541048387237907,0.0
1028,220,5,17,,2.541048387237907,2.541048387237907,0.0
1027,220,5,15,,2.541048387237907,2.541048387237907,0.0
1026,220,5,13,,2.541048387237907,2.541048387237907,0.0
1025,220,5,11,,2.541048387237907,2.541048387237907,0.0
1024,220,5,9,,2.541048387237907,2.541048387237907,0.0
1023,220,5,7,,2.541048387237907,2.541048387237907,0.0
1022,220,5,5,,2.541048387237907,2.541048387237907,0.0
1021,220,5,3,,2.541048387237907,2.541048387237907,0.0
1020,220,5,1,,2.541048387237907,2.541048387237907,0.0
1019,220,3,19,,2.541048387237907,2.541048387237907,0.0
1018,220,3,17,,2.541048387237907,2.541048387237907,0.0
1035,220,7,11,,2.541048387237907,2.541048387237907,0.0
1036,220,7,13,,2.541048387237907,2.541048387237907,0.0
1037,220,7,15,,2.541048387237907,2.541048387237907,0.0
1047,220,9,15,,2.541048387237907,2.541048387237907,0.0
1054,220,11,9,,2.541048387237907,2.541048387237907,0.0
1053,220,11,7,,2.541048387237907,2.541048387237907,0.0
1052,220,11,5,,2.541048387237907,2.541048387237907,0.0
1051,220,11,3,,2.541048387237907,2.541048387237907,0.0
1050,220,11,1,,2.541048387237907,2.541048387237907,0.0
1049,220,9,19,,2.541048387237907,2.541048387237907,0.0
1048,220,9,17,,2.541048387237907,2.541048387237907,0.0
1046,220,9,13,,2.541048387237907,2.541048387237907,0.0
1038,220,7,17,,2.541048387237907,2.541048387237907,0.0
1045,220,9,11,,2.541048387237907,2.541048387237907,0.0
1044,220,9,9,,2.541048387237907,2.541048387237907,0.0
1043,220,9,7,,2.541048387237907,2.541048387237907,0.0
1042,220,9,5,,2.541048387237907,2.541048387237907,0.0
1041,220,9,3,,2.541048387237907,2.541048387237907,0.0
1040,220,9,1,,2.541048387237907,2.541048387237907,0.0
1039,220,7,19,,2.541048387237907,2.541048387237907,0.0
1017,220,3,15,,2.541048387237907,2.541048387237907,0.0
1016,220,3,13,,2.541048387237907,2.541048387237907,0.0
1015,220,3,11,,2.541048387237907,2.541048387237907,0.0
986,200,17,13,,2.8372619710603706,2.8372619710603706,0.0
993,200,19,7,,2.8372619710603706,2.8372619710603706,0.0
992,200,19,5,,2.8372619710603706,2.8372619710603706,0.0
991,200,19,3,,2.8372619710603706,2.8372619710603706,0.0
990,200,19,1,,2.8372619710603706,2.8372619710603706,0.0
989,200,17,19,,2.8372619710603706,2.8372619710603706,0.0
988,200,17,17,,2.8372619710603706,2.8372619710603706,0.0
987,200,17,15,,2.8372619710603706,2.8372619710603706,0.0
985,200,17,11,,2.8372619710603706,2.8372619710603706,0.0
995,200,19,11,,2.8372619710603706,2.8372619710603706,0.0
984,200,17,9,,2.8372619710603706,2.8372619710603706,0.0
983,200,17,7,,2.8372619710603706,2.8372619710603706,0.0
982,200,17,5,,2.8372619710603706,2.8372619710603706,0.0
981,200,17,3,,2.8372619710603706,2.8372619710603706,0.0
980,200,17,1,,2.8372619710603706,2.8372619710603706,0.0
979,200,15,19,,2.8372619710603706,2.8372619710603706,0.0
978,200,15,17,,2.8372619710603706,2.8372619710603706,0.0
994,200,19,9,,2.8372619710603706,2.8372619710603706,0.0
996,200,19,13,,2.8372619710603706,2.8372619710603706,0.0
1014,220,3,9,,2.541048387237907,2.541048387237907,0.0
1006,220,1,13,,2.541048387237907,2.541048387237907,0.0
1013,220,3,7,,2.541048387237907,2.541048387237907,0.0
1012,220,3,5,,2.541048387237907,2.541048387237907,0.0
1011,220,3,3,,2.541048387237907,2.541048387237907,0.0
1010,220,3,1,,2.541048387237907,2.541048387237907,0.0
1009,220,1,19,,2.541048387237907,2.541048387237907,0.0
1008,220,1,17,,2.541048387237907,2.541048387237907,0.0
1007,220,1,15,,2.541048387237907,2.541048387237907,0.0
1005,220,1,11,,2.541048387237907,2.541048387237907,0.0
997,200,19,15,,2.8372619710603706,2.8372619710603706,0.0
1004,220,1,9,,2.541048387237907,2.541048387237907,0.0
1003,220,1,7,,2.541048387237907,2.541048387237907,0.0
1002,220,1,5,,2.541048387237907,2.541048387237907,0.0
1001,220,1,3,,2.541048387237907,2.541048387237907,0.0
1000,220,1,1,,2.541048387237907,2.541048387237907,0.0
999,200,19,19,,2.8372619710603706,2.8372619710603706,0.0
998,200,19,17,,2.8372619710603706,2.8372619710603706,0.0
1055,220,11,11,,2.541048387237907,2.541048387237907,0.0
1057,220,11,15,,2.541048387237907,2.541048387237907,0.0
1136,240,7,13,,2.1410594239421017,2.1410594239421017,0.0
1058,220,11,17,,2.541048387237907,2.541048387237907,0.0
1115,240,3,11,,2.1410594239421017,2.1410594239421017,0.0
1114,240,3,9,,2.1410594239421017,2.1410594239421017,0.0
1113,240,3,7,,2.1410594239421017,2.1410594239421017,0.0
1112,240,3,5,,2.1410594239421017,2.1410594239421017,0.0
1111,240,3,3,,2.1410594239421017,2.1410594239421017,0.0
1110,240,3,1,,2.1410594239421017,2.1410594239421017,0.0
1109,240,1,19,,2.1410594239421017,2.1410594239421017,0.0
1108,240,1,17,,2.1410594239421017,2.1410594239421017,0.0
1107,240,1,15,,2.1410594239421017,2.1410594239421017,0.0
1106,240,1,13,,2.1410594239421017,2.1410594239421017,0.0
1105,240,1,11,,2.1410594239421017,2.1410594239421017,0.0
1104,240,1,9,,2.1410594239421017,2.1410594239421017,0.0
1103,240,1,7,,2.1410594239421017,2.1410594239421017,0.0
1102,240,1,5,,2.1410594239421017,2.1410594239421017,0.0
1101,240,1,3,,2.1410594239421017,2.1410594239421017,0.0
1100,240,1,1,,2.1410594239421017,2.1410594239421017,0.0
1099,220,19,19,,2.541048387237907,2.541048387237907,0.0
1116,240,3,13,,2.1410594239421017,2.1410594239421017,0.0
1117,240,3,15,,2.1410594239421017,2.1410594239421017,0.0
1118,240,3,17,,2.1410594239421017,2.1410594239421017,0.0
1128,240,5,17,,2.1410594239421017,2.1410594239421017,0.0
1135,240,7,11,,2.1410594239421017,2.1410594239421017,0.0
1134,240,7,9,,2.1410594239421017,2.1410594239421017,0.0
1133,240,7,7,,2.1410594239421017,2.1410594239421017,0.0
1132,240,7,5,,2.1410594239421017,2.1410594239421017,0.0
1131,240,7,3,,2.1410594239421017,2.1410594239421017,0.0
1130,240,7,1,,2.1410594239421017,2.1410594239421017,0.0
1129,240,5,19,,2.1410594239421017,2.1410594239421017,0.0
1127,240,5,15,,2.1410594239421017,2.1410594239421017,0.0
1119,240,3,19,,2.1410594239421017,2.1410594239421017,0.0
1126,240,5,13,,2.1410594239421017,2.1410594239421017,0.0
1125,240,5,11,,2.1410594239421017,2.1410594239421017,0.0
1124,240,5,9,,2.1410594239421017,2.1410594239421017,0.0
1123,240,5,7,,2.1410594239421017,2.1410594239421017,0.0
1122,240,5,5,,2.1410594239421017,2.1410594239421017,0.0
1121,240,5,3,,2.1410594239421017,2.1410594239421017,0.0
1120,240,5,1,,2.1410594239421017,2.1410594239421017,0.0
1098,220,19,17,,2.541048387237907,2.541048387237907,0.0
1097,220,19,15,,2.541048387237907,2.541048387237907,0.0
1096,220,19,13,,2.541048387237907,2.541048387237907,0.0
1067,220,13,15,,2.541048387237907,2.541048387237907,0.0
1074,220,15,9,,2.541048387237907,2.541048387237907,0.0
1073,220,15,7,,2.541048387237907,2.541048387237907,0.0
1072,220,15,5,,2.541048387237907,2.541048387237907,0.0
1071,220,15,3,,2.541048387237907,2.541048387237907,0.0
1070,220,15,1,,2.541048387237907,2.541048387237907,0.0
1069,220,13,19,,2.541048387237907,2.541048387237907,0.0
1068,220,13,17,,2.541048387237907,2.541048387237907,0.0
1066,220,13,13,,2.541048387237907,2.541048387237907,0.0
1076,220,15,13,,2.541048387237907,2.541048387237907,0.0
1065,220,13,11,,2.541048387237907,2.541048387237907,0.0
1064,220,13,9,,2.541048387237907,2.541048387237907,0.0
1063,220,13,7,,2.541048387237907,2.541048387237907,0.0
1062,220,13,5,,2.541048387237907,2.541048387237907,0.0
1061,220,13,3,,2.541048387237907,2.541048387237907,0.0
1060,220,13,1,,2.541048387237907,2.541048387237907,0.0
1059,220,11,19,,2.541048387237907,2.541048387237907,0.0
1075,220,15,11,,2.541048387237907,2.541048387237907,0.0
1077,220,15,15,,2.541048387237907,2.541048387237907,0.0
1095,220,19,11,,2.541048387237907,2.541048387237907,0.0
1087,220,17,15,,2.541048387237907,2.541048387237907,0.0
1094,220,19,9,,2.541048387237907,2.541048387237907,0.0
1093,220,19,7,,2.541048387237907,2.541048387237907,0.0
1092,220,19,5,,2.541048387237907,2.541048387237907,0.0
1091,220,19,3,,2.541048387237907,2.541048387237907,0.0
1090,220,19,1,,2.541048387237907,2.541048387237907,0.0
1089,220,17,19,,2.541048387237907,2.541048387237907,0.0
1088,220,17,17,,2.541048387237907,2.541048387237907,0.0
1086,220,17,13,,2.541048387237907,2.541048387237907,0.0
1078,220,15,17,,2.541048387237907,2.541048387237907,0.0
1085,220,17,11,,2.541048387237907,2.541048387237907,0.0
1084,220,17,9,,2.541048387237907,2.541048387237907,0.0
1083,220,17,7,,2.541048387237907,2.541048387237907,0.0
1082,220,17,5,,2.541048387237907,2.541048387237907,0.0
1081,220,17,3,,2.541048387237907,2.541048387237907,0.0
1080,220,17,1,,2.541048387237907,2.541048387237907,0.0
1079,220,15,19,,2.541048387237907,2.541048387237907,0.0
651,140,11,3,,2.990286603379763,2.990286603379763,0.0
650,140,11,1,,2.990286603379763,2.990286603379763,0.0
649,140,9,19,,2.990286603379763,2.990286603379763,0.0
203,60,1,7,,3.1717263065229746,3.1717263065229746,0.0
221,60,5,3,,3.1717263065229746,3.1717263065229746,0.0
220,60,5,1,,3.1717263065229746,3.1717263065229746,0.0
219,60,3,19,,3.1717263065229746,3.1717263065229746,0.0
218,60,3,17,,3.1717263065229746,3.1717263065229746,0.0
217,60,3,15,,3.1717263065229746,3.1717263065229746,0.0
216,60,3,13,,3.1717263065229746,3.1717263065229746,0.0
215,60,3,11,,3.1717263065229746,3.1717263065229746,0.0
214,60,3,9,,3.1717263065229746,3.1717263065229746,0.0
213,60,3,7,,3.1717263065229746,3.1717263065229746,0.0
212,60,3,5,,3.1717263065229746,3.1717263065229746,0.0
211,60,3,3,,3.1717263065229746,3.1717263065229746,0.0
210,60,3,1,,3.1717263065229746,3.1717263065229746,0.0
209,60,1,19,,3.1717263065229746,3.1717263065229746,0.0
208,60,1,17,,3.1717263065229746,3.1717263065229746,0.0
207,60,1,15,,3.1717263065229746,3.1717263065229746,0.0
206,60,1,13,,3.1717263065229746,3.1717263065229746,0.0
205,60,1,11,,3.1717263065229746,3.1717263065229746,0.0
222,60,5,5,,3.1717263065229746,3.1717263065229746,0.0
223,60,5,7,,3.1717263065229746,3.1717263065229746,0.0
224,60,5,9,,3.1717263065229746,3.1717263065229746,0.0
234,60,7,9,,3.1717263065229746,3.1717263065229746,0.0
241,60,9,3,,3.1717263065229746,3.1717263065229746,0.0
240,60,9,1,,3.1717263065229746,3.1717263065229746,0.0
239,60,7,19,,3.1717263065229746,3.1717263065229746,0.0
238,60,7,17,,3.1717263065229746,3.1717263065229746,0.0
237,60,7,15,,3.1717263065229746,3.1717263065229746,0.0
236,60,7,13,,3.1717263065229746,3.1717263065229746,0.0
235,60,7,11,,3.1717263065229746,3.1717263065229746,0.0
233,60,7,7,,3.1717263065229746,3.1717263065229746,0.0
225,60,5,11,,3.1717263065229746,3.1717263065229746,0.0
232,60,7,5,,3.1717263065229746,3.1717263065229746,0.0
231,60,7,3,,3.1717263065229746,3.1717263065229746,0.0
230,60,7,1,,3.1717263065229746,3.1717263065229746,0.0
229,60,5,19,,3.1717263065229746,3.1717263065229746,0.0
228,60,5,17,,3.1717263065229746,3.1717263065229746,0.0
227,60,5,15,,3.1717263065229746,3.1717263065229746,0.0
226,60,5,13,,3.1717263065229746,3.1717263065229746,0.0
204,60,1,9,,3.1717263065229746,3.1717263065229746,0.0
202,60,1,5,,3.1717263065229746,3.1717263065229746,0.0
324,80,5,9,,3.2833877179057525,3.2833877179057525,0.0
201,60,1,3,,3.1717263065229746,3.1717263065229746,0.0
180,40,17,1,,4.082824380258241,4.082824380258241,0.0
179,40,15,19,,4.082824380258241,4.082824380258241,0.0
178,40,15,17,,4.082824380258241,4.082824380258241,0.0
177,40,15,15,,4.082824380258241,4.082824380258241,0.0
176,40,15,13,,4.082824380258241,4.082824380258241,0.0
175,40,15,11,,4.082824380258241,4.082824380258241,0.0
174,40,15,9,,4.082824380258241,4.082824380258241,0.0
173,40,15,7,,4.082824380258241,4.082824380258241,0.0
172,40,15,5,,4.082824380258241,4.082824380258241,0.0
171,40,15,3,,4.082824380258241,4.082824380258241,0.0
170,40,15,1,,4.082824380258241,4.082824380258241,0.0
169,40,13,19,,4.082824380258241,4.082824380258241,0.0
168,40,13,17,,4.082824380258241,4.082824380258241,0.0
167,40,13,15,,4.082824380258241,4.082824380258241,0.0
166,40,13,13,,4.082824380258241,4.082824380258241,0.0
165,40,13,11,,4.082824380258241,4.082824380258241,0.0
164,40,13,9,,4.082824380258241,4.082824380258241,0.0
181,40,17,3,,4.082824380258241,4.082824380258241,0.0
182,40,17,5,,4.082824380258241,4.082824380258241,0.0
183,40,17,7,,4.082824380258241,4.082824380258241,0.0
193,40,19,7,,4.082824380258241,4.082824380258241,0.0
200,60,1,1,,3.1717263065229746,3.1717263065229746,0.0
199,40,19,19,,4.082824380258241,4.082824380258241,0.0
198,40,19,17,,4.082824380258241,4.082824380258241,0.0
197,40,19,15,,4.082824380258241,4.082824380258241,0.0
196,40,19,13,,4.082824380258241,4.082824380258241,0.0
195,40,19,11,,4.082824380258241,4.082824380258241,0.0
194,40,19,9,,4.082824380258241,4.082824380258241,0.0
192,40,19,5,,4.082824380258241,4.082824380258241,0.0
184,40,17,9,,4.082824380258241,4.082824380258241,0.0
191,40,19,3,,4.082824380258241,4.082824380258241,0.0
190,40,19,1,,4.082824380258241,4.082824380258241,0.0
189,40,17,19,,4.082824380258241,4.082824380258241,0.0
188,40,17,17,,4.082824380258241,4.082824380258241,0.0
187,40,17,15,,4.082824380258241,4.082824380258241,0.0
186,40,17,13,,4.082824380258241,4.082824380258241,0.0
185,40,17,11,,4.082824380258241,4.082824380258241,0.0
242,60,9,5,,3.1717263065229746,3.1717263065229746,0.0
243,60,9,7,,3.1717263065229746,3.1717263065229746,0.0
244,60,9,9,,3.1717263065229746,3.1717263065229746,0.0
245,60,9,11,,3.1717263065229746,3.1717263065229746,0.0
302,80,1,5,,3.2833877179057525,3.2833877179057525,0.0
301,80,1,3,,3.2833877179057525,3.2833877179057525,0.0
300,80,1,1,,3.2833877179057525,3.2833877179057525,0.0
299,60,19,19,,3.1717263065229746,3.1717263065229746,0.0
298,60,19,17,,3.1717263065229746,3.1717263065229746,0.0
297,60,19,15,,3.1717263065229746,3.1717263065229746,0.0
296,60,19,13,,3.1717263065229746,3.1717263065229746,0.0
295,60,19,11,,3.1717263065229746,3.1717263065229746,0.0
294,60,19,9,,3.1717263065229746,3.1717263065229746,0.0
293,60,19,7,,3.1717263065229746,3.1717263065229746,0.0
292,60,19,5,,3.1717263065229746,3.1717263065229746,0.0
291,60,19,3,,3.1717263065229746,3.1717263065229746,0.0
290,60,19,1,,3.1717263065229746,3.1717263065229746,0.0
289,60,17,19,,3.1717263065229746,3.1717263065229746,0.0
288,60,17,17,,3.1717263065229746,3.1717263065229746,0.0
287,60,17,15,,3.1717263065229746,3.1717263065229746,0.0
286,60,17,13,,3.1717263065229746,3.1717263065229746,0.0
303,80,1,7,,3.2833877179057525,3.2833877179057525,0.0
304,80,1,9,,3.2833877179057525,3.2833877179057525,0.0
305,80,1,11,,3.2833877179057525,3.2833877179057525,0.0
315,80,3,11,,3.2833877179057525,3.2833877179057525,0.0
322,80,5,5,,3.2833877179057525,3.2833877179057525,0.0
321,80,5,3,,3.2833877179057525,3.2833877179057525,0.0
320,80,5,1,,3.2833877179057525,3.2833877179057525,0.0
319,80,3,19,,3.2833877179057525,3.2833877179057525,0.0
318,80,3,17,,3.2833877179057525,3.2833877179057525,0.0
317,80,3,15,,3.2833877179057525,3.2833877179057525,0.0
316,80,3,13,,3.2833877179057525,3.2833877179057525,0.0
314,80,3,9,,3.2833877179057525,3.2833877179057525,0.0
306,80,1,13,,3.2833877179057525,3.2833877179057525,0.0
313,80,3,7,,3.2833877179057525,3.2833877179057525,0.0
312,80,3,5,,3.2833877179057525,3.2833877179057525,0.0
311,80,3,3,,3.2833877179057525,3.2833877179057525,0.0
310,80,3,1,,3.2833877179057525,3.2833877179057525,0.0
309,80,1,19,,3.2833877179057525,3.2833877179057525,0.0
308,80,1,17,,3.2833877179057525,3.2833877179057525,0.0
307,80,1,15,,3.2833877179057525,3.2833877179057525,0.0
285,60,17,11,,3.1717263065229746,3.1717263065229746,0.0
284,60,17,9,,3.1717263065229746,3.1717263065229746,0.0
283,60,17,7,,3.1717263065229746,3.1717263065229746,0.0
254,60,11,9,,3.1717263065229746,3.1717263065229746,0.0
261,60,13,3,,3.1717263065229746,3.1717263065229746,0.0
260,60,13,1,,3.1717263065229746,3.1717263065229746,0.0
259,60,11,19,,3.1717263065229746,3.1717263065229746,0.0
258,60,11,17,,3.1717263065229746,3.1717263065229746,0.0
257,60,11,15,,3.1717263065229746,3.1717263065229746,0.0
256,60,11,13,,3.1717263065229746,3.1717263065229746,0.0
255,60,11,11,,3.1717263065229746,3.1717263065229746,0.0
253,60,11,7,,3.1717263065229746,3.1717263065229746,0.0
263,60,13,7,,3.1717263065229746,3.1717263065229746,0.0
252,60,11,5,,3.1717263065229746,3.1717263065229746,0.0
251,60,11,3,,3.1717263065229746,3.1717263065229746,0.0
250,60,11,1,,3.1717263065229746,3.1717263065229746,0.0
249,60,9,19,,3.1717263065229746,3.1717263065229746,0.0
248,60,9,17,,3.1717263065229746,3.1717263065229746,0.0
247,60,9,15,,3.1717263065229746,3.1717263065229746,0.0
246,60,9,13,,3.1717263065229746,3.1717263065229746,0.0
262,60,13,5,,3.1717263065229746,3.1717263065229746,0.0
264,60,13,9,,3.1717263065229746,3.1717263065229746,0.0
282,60,17,5,,3.1717263065229746,3.1717263065229746,0.0
274,60,15,9,,3.1717263065229746,3.1717263065229746,0.0
281,60,17,3,,3.1717263065229746,3.1717263065229746,0.0
280,60,17,1,,3.1717263065229746,3.1717263065229746,0.0
279,60,15,19,,3.1717263065229746,3.1717263065229746,0.0
278,60,15,17,,3.1717263065229746,3.1717263065229746,0.0
277,60,15,15,,3.1717263065229746,3.1717263065229746,0.0
276,60,15,13,,3.1717263065229746,3.1717263065229746,0.0
275,60,15,11,,3.1717263065229746,3.1717263065229746,0.0
273,60,15,7,,3.1717263065229746,3.1717263065229746,0.0
265,60,13,11,,3.1717263065229746,3.1717263065229746,0.0
272,60,15,5,,3.1717263065229746,3.1717263065229746,0.0
271,60,15,3,,3.1717263065229746,3.1717263065229746,0.0
270,60,15,1,,3.1717263065229746,3.1717263065229746,0.0
269,60,13,19,,3.1717263065229746,3.1717263065229746,0.0
268,60,13,17,,3.1717263065229746,3.1717263065229746,0.0
267,60,13,15,,3.1717263065229746,3.1717263065229746,0.0
266,60,13,13,,3.1717263065229746,3.1717263065229746,0.0
163,40,13,7,,4.082824380258241,4.082824380258241,0.0
162,40,13,5,,4.082824380258241,4.082824380258241,0.0
161,40,13,3,,4.082824380258241,4.082824380258241,0.0
80,20,17,1,,4.557127971426597,4.557127971426597,0.0
58,20,11,17,,4.557127971426597,4.557127971426597,0.0
57,20,11,15,,4.557127971426597,4.557127971426597,0.0
56,20,11,13,,4.557127971426597,4.557127971426597,0.0
55,20,11,11,,4.557127971426597,4.557127971426597,0.0
54,20,11,9,,4.557127971426597,4.557127971426597,0.0
53,20,11,7,,4.557127971426597,4.557127971426597,0.0
52,20,11,5,,4.557127971426597,4.557127971426597,0.0
51,20,11,3,,4.557127971426597,4.557127971426597,0.0
50,20,11,1,,4.557127971426597,4.557127971426597,0.0
49,20,9,19,,4.557127971426597,4.557127971426597,0.0
48,20,9,17,,4.557127971426597,4.557127971426597,0.0
47,20,9,15,,4.557127971426597,4.557127971426597,0.0
46,20,9,13,,4.557127971426597,4.557127971426597,0.0
45,20,9,11,,4.557127971426597,4.557127971426597,0.0
44,20,9,9,,4.557127971426597,4.557127971426597,0.0
43,20,9,7,,4.557127971426597,4.557127971426597,0.0
42,20,9,5,,4.557127971426597,4.557127971426597,0.0
59,20,11,19,,4.557127971426597,4.557127971426597,0.0
60,20,13,1,,4.557127971426597,4.557127971426597,0.0
61,20,13,3,,4.557127971426597,4.557127971426597,0.0
71,20,15,3,,4.557127971426597,4.557127971426597,0.0
78,20,15,17,,4.557127971426597,4.557127971426597,0.0
77,20,15,15,,4.557127971426597,4.557127971426597,0.0
76,20,15,13,,4.557127971426597,4.557127971426597,0.0
75,20,15,11,,4.557127971426597,4.557127971426597,0.0
74,20,15,9,,4.557127971426597,4.557127971426597,0.0
73,20,15,7,,4.557127971426597,4.557127971426597,0.0
72,20,15,5,,4.557127971426597,4.557127971426597,0.0
70,20,15,1,,4.557127971426597,4.557127971426597,0.0
62,20,13,5,,4.557127971426597,4.557127971426597,0.0
69,20,13,19,,4.557127971426597,4.557127971426597,0.0
68,20,13,17,,4.557127971426597,4.557127971426597,0.0
67,20,13,15,,4.557127971426597,4.557127971426597,0.0
66,20,13,13,,4.557127971426597,4.557127971426597,0.0
65,20,13,11,,4.557127971426597,4.557127971426597,0.0
64,20,13,9,,4.557127971426597,4.557127971426597,0.0
63,20,13,7,,4.557127971426597,4.557127971426597,0.0
41,20,9,3,,4.557127971426597,4.557127971426597,0.0
40,20,9,1,,4.557127971426597,4.557127971426597,0.0
39,20,7,19,,4.557127971426597,4.557127971426597,0.0
10,20,3,1,,4.557127971426597,4.557127971426597,0.0
17,20,3,15,,4.557127971426597,4.557127971426597,0.0
16,20,3,13,,4.557127971426597,4.557127971426597,0.0
15,20,3,11,,4.557127971426597,4.557127971426597,0.0
14,20,3,9,,4.557127971426597,4.557127971426597,0.0
13,20,3,7,,4.557127971426597,4.557127971426597,0.0
12,20,3,5,,4.557127971426597,4.557127971426597,0.0
11,20,3,3,,4.557127971426597,4.557127971426597,0.0
9,20,1,19,,4.557127971426597,4.557127971426597,0.0
19,20,3,19,,4.557127971426597,4.557127971426597,0.0
8,20,1,17,,4.557127971426597,4.557127971426597,0.0
7,20,1,15,,4.557127971426597,4.557127971426597,0.0
6,20,1,13,,4.557127971426597,4.557127971426597,0.0
5,20,1,11,,4.557127971426597,4.557127971426597,0.0
4,20,1,9,,4.557127971426597,4.557127971426597,0.0
3,20,1,7,,4.557127971426597,4.557127971426597,0.0
2,20,1,5,,4.557127971426597,4.557127971426597,0.0
18,20,3,17,,4.557127971426597,4.557127971426597,0.0
20,20,5,1,,4.557127971426597,4.557127971426597,0.0
38,20,7,17,,4.557127971426597,4.557127971426597,0.0
30,20,7,1,,4.557127971426597,4.557127971426597,0.0
37,20,7,15,,4.557127971426597,4.557127971426597,0.0
36,20,7,13,,4.557127971426597,4.557127971426597,0.0
35,20,7,11,,4.557127971426597,4.557127971426597,0.0
34,20,7,9,,4.557127971426597,4.557127971426597,0.0
33,20,7,7,,4.557127971426597,4.557127971426597,0.0
32,20,7,5,,4.557127971426597,4.557127971426597,0.0
31,20,7,3,,4.557127971426597,4.557127971426597,0.0
29,20,5,19,,4.557127971426597,4.557127971426597,0.0
21,20,5,3,,4.557127971426597,4.557127971426597,0.0
28,20,5,17,,4.557127971426597,4.557127971426597,0.0
27,20,5,15,,4.557127971426597,4.557127971426597,0.0
26,20,5,13,,4.557127971426597,4.557127971426597,0.0
25,20,5,11,,4.557127971426597,4.557127971426597,0.0
24,20,5,9,,4.557127971426597,4.557127971426597,0.0
23,20,5,7,,4.557127971426597,4.557127971426597,0.0
22,20,5,5,,4.557127971426597,4.557127971426597,0.0
79,20,15,19,,4.557127971426597,4.557127971426597,0.0
81,20,17,3,,4.557127971426597,4.557127971426597,0.0
160,40,13,1,,4.082824380258241,4.082824380258241,0.0
82,20,17,5,,4.557127971426597,4.557127971426597,0.0
139,40,7,19,,4.082824380258241,4.082824380258241,0.0
138,40,7,17,,4.082824380258241,4.082824380258241,0.0
137,40,7,15,,4.082824380258241,4.082824380258241,0.0
136,40,7,13,,4.082824380258241,4.082824380258241,0.0
135,40,7,11,,4.082824380258241,4.082824380258241,0.0
134,40,7,9,,4.082824380258241,4.082824380258241,0.0
133,40,7,7,,4.082824380258241,4.082824380258241,0.0
132,40,7,5,,4.082824380258241,4.082824380258241,0.0
131,40,7,3,,4.082824380258241,4.082824380258241,0.0
130,40,7,1,,4.082824380258241,4.082824380258241,0.0
129,40,5,19,,4.082824380258241,4.082824380258241,0.0
128,40,5,17,,4.082824380258241,4.082824380258241,0.0
127,40,5,15,,4.082824380258241,4.082824380258241,0.0
126,40,5,13,,4.082824380258241,4.082824380258241,0.0
125,40,5,11,,4.082824380258241,4.082824380258241,0.0
124,40,5,9,,4.082824380258241,4.082824380258241,0.0
123,40,5,7,,4.082824380258241,4.082824380258241,0.0
140,40,9,1,,4.082824380258241,4.082824380258241,0.0
141,40,9,3,,4.082824380258241,4.082824380258241,0.0
142,40,9,5,,4.082824380258241,4.082824380258241,0.0
152,40,11,5,,4.082824380258241,4.082824380258241,0.0
159,40,11,19,,4.082824380258241,4.082824380258241,0.0
158,40,11,17,,4.082824380258241,4.082824380258241,0.0
157,40,11,15,,4.082824380258241,4.082824380258241,0.0
156,40,11,13,,4.082824380258241,4.082824380258241,0.0
155,40,11,11,,4.082824380258241,4.082824380258241,0.0
154,40,11,9,,4.082824380258241,4.082824380258241,0.0
153,40,11,7,,4.082824380258241,4.082824380258241,0.0
151,40,11,3,,4.082824380258241,4.082824380258241,0.0
143,40,9,7,,4.082824380258241,4.082824380258241,0.0
150,40,11,1,,4.082824380258241,4.082824380258241,0.0
149,40,9,19,,4.082824380258241,4.082824380258241,0.0
148,40,9,17,,4.082824380258241,4.082824380258241,0.0
147,40,9,15,,4.082824380258241,4.082824380258241,0.0
146,40,9,13,,4.082824380258241,4.082824380258241,0.0
145,40,9,11,,4.082824380258241,4.082824380258241,0.0
144,40,9,9,,4.082824380258241,4.082824380258241,0.0
122,40,5,5,,4.082824380258241,4.082824380258241,0.0
121,40,5,3,,4.082824380258241,4.082824380258241,0.0
120,40,5,1,,4.082824380258241,4.082824380258241,0.0
91,20,19,3,,4.557127971426597,4.557127971426597,0.0
98,20,19,17,,4.557127971426597,4.557127971426597,0.0
97,20,19,15,,4.557127971426597,4.557127971426597,0.0
96,20,19,13,,4.557127971426597,4.557127971426597,0.0
95,20,19,11,,4.557127971426597,4.557127971426597,0.0
94,20,19,9,,4.557127971426597,4.557127971426597,0.0
93,20,19,7,,4.557127971426597,4.557127971426597,0.0
92,20,19,5,,4.557127971426597,4.557127971426597,0.0
90,20,19,1,,4.557127971426597,4.557127971426597,0.0
100,40,1,1,,4.082824380258241,4.082824380258241,0.0
89,20,17,19,,4.557127971426597,4.557127971426597,0.0
88,20,17,17,,4.557127971426597,4.557127971426597,0.0
87,20,17,15,,4.557127971426597,4.557127971426597,0.0
86,20,17,13,,4.557127971426597,4.557127971426597,0.0
85,20,17,11,,4.557127971426597,4.557127971426597,0.0
84,20,17,9,,4.557127971426597,4.557127971426597,0.0
83,20,17,7,,4.557127971426597,4.557127971426597,0.0
99,20,19,19,,4.557127971426597,4.557127971426597,0.0
101,40,1,3,,4.082824380258241,4.082824380258241,0.0
119,40,3,19,,4.082824380258241,4.082824380258241,0.0
111,40,3,3,,4.082824380258241,4.082824380258241,0.0
118,40,3,17,,4.082824380258241,4.082824380258241,0.0
117,40,3,15,,4.082824380258241,4.082824380258241,0.0
116,40,3,13,,4.082824380258241,4.082824380258241,0.0
115,40,3,11,,4.082824380258241,4.082824380258241,0.0
114,40,3,9,,4.082824380258241,4.082824380258241,0.0
113,40,3,7,,4.082824380258241,4.082824380258241,0.0
112,40,3,5,,4.082824380258241,4.082824380258241,0.0
110,40,3,1,,4.082824380258241,4.082824380258241,0.0
102,40,1,5,,4.082824380258241,4.082824380258241,0.0
109,40,1,19,,4.082824380258241,4.082824380258241,0.0
108,40,1,17,,4.082824380258241,4.082824380258241,0.0
107,40,1,15,,4.082824380258241,4.082824380258241,0.0
106,40,1,13,,4.082824380258241,4.082824380258241,0.0
105,40,1,11,,4.082824380258241,4.082824380258241,0.0
104,40,1,9,,4.082824380258241,4.082824380258241,0.0
103,40,1,7,,4.082824380258241,4.082824380258241,0.0
323,80,5,7,,3.2833877179057525,3.2833877179057525,0.0
325,80,5,11,,3.2833877179057525,3.2833877179057525,0.0
648,140,9,17,,2.990286603379763,2.990286603379763,0.0
528,120,5,17,,3.200177642794721,3.200177642794721,0.0
546,120,9,13,,3.200177642794721,3.200177642794721,0.0
545,120,9,11,,3.200177642794721,3.200177642794721,0.0
544,120,9,9,,3.200177642794721,3.200177642794721,0.0
543,120,9,7,,3.200177642794721,3.200177642794721,0.0
542,120,9,5,,3.200177642794721,3.200177642794721,0.0
541,120,9,3,,3.200177642794721,3.200177642794721,0.0
540,120,9,1,,3.200177642794721,3.200177642794721,0.0
539,120,7,19,,3.200177642794721,3.200177642794721,0.0
538,120,7,17,,3.200177642794721,3.200177642794721,0.0
537,120,7,15,,3.200177642794721,3.200177642794721,0.0
536,120,7,13,,3.200177642794721,3.200177642794721,0.0
535,120,7,11,,3.200177642794721,3.200177642794721,0.0
534,120,7,9,,3.200177642794721,3.200177642794721,0.0
533,120,7,7,,3.200177642794721,3.200177642794721,0.0
532,120,7,5,,3.200177642794721,3.200177642794721,0.0
531,120,7,3,,3.200177642794721,3.200177642794721,0.0
530,120,7,1,,3.200177642794721,3.200177642794721,0.0
547,120,9,15,,3.200177642794721,3.200177642794721,0.0
548,120,9,17,,3.200177642794721,3.200177642794721,0.0
549,120,9,19,,3.200177642794721,3.200177642794721,0.0
559,120,11,19,,3.200177642794721,3.200177642794721,0.0
566,120,13,13,,3.200177642794721,3.200177642794721,0.0
565,120,13,11,,3.200177642794721,3.200177642794721,0.0
564,120,13,9,,3.200177642794721,3.200177642794721,0.0
563,120,13,7,,3.200177642794721,3.200177642794721,0.0
562,120,13,5,,3.200177642794721,3.200177642794721,0.0
561,120,13,3,,3.200177642794721,3.200177642794721,0.0
560,120,13,1,,3.200177642794721,3.200177642794721,0.0
558,120,11,17,,3.200177642794721,3.200177642794721,0.0
550,120,11,1,,3.200177642794721,3.200177642794721,0.0
557,120,11,15,,3.200177642794721,3.200177642794721,0.0
556,120,11,13,,3.200177642794721,3.200177642794721,0.0
555,120,11,11,,3.200177642794721,3.200177642794721,0.0
554,120,11,9,,3.200177642794721,3.200177642794721,0.0
553,120,11,7,,3.200177642794721,3.200177642794721,0.0
552,120,11,5,,3.200177642794721,3.200177642794721,0.0
551,120,11,3,,3.200177642794721,3.200177642794721,0.0
529,120,5,19,,3.200177642794721,3.200177642794721,0.0
527,120,5,15,,3.200177642794721,3.200177642794721,0.0
326,80,5,13,,3.2833877179057525,3.2833877179057525,0.0
526,120,5,13,,3.200177642794721,3.200177642794721,0.0
505,120,1,11,,3.200177642794721,3.200177642794721,0.0
504,120,1,9,,3.200177642794721,3.200177642794721,0.0
503,120,1,7,,3.200177642794721,3.200177642794721,0.0
502,120,1,5,,3.200177642794721,3.200177642794721,0.0
501,120,1,3,,3.200177642794721,3.200177642794721,0.0
500,120,1,1,,3.200177642794721,3.200177642794721,0.0
499,100,19,19,,3.078671363886464,3.078671363886464,0.0
498,100,19,17,,3.078671363886464,3.078671363886464,0.0
497,100,19,15,,3.078671363886464,3.078671363886464,0.0
496,100,19,13,,3.078671363886464,3.078671363886464,0.0
495,100,19,11,,3.078671363886464,3.078671363886464,0.0
494,100,19,9,,3.078671363886464,3.078671363886464,0.0
493,100,19,7,,3.078671363886464,3.078671363886464,0.0
492,100,19,5,,3.078671363886464,3.078671363886464,0.0
491,100,19,3,,3.078671363886464,3.078671363886464,0.0
490,100,19,1,,3.078671363886464,3.078671363886464,0.0
489,100,17,19,,3.078671363886464,3.078671363886464,0.0
506,120,1,13,,3.200177642794721,3.200177642794721,0.0
507,120,1,15,,3.200177642794721,3.200177642794721,0.0
508,120,1,17,,3.200177642794721,3.200177642794721,0.0
518,120,3,17,,3.200177642794721,3.200177642794721,0.0
525,120,5,11,,3.200177642794721,3.200177642794721,0.0
524,120,5,9,,3.200177642794721,3.200177642794721,0.0
523,120,5,7,,3.200177642794721,3.200177642794721,0.0
522,120,5,5,,3.200177642794721,3.200177642794721,0.0
521,120,5,3,,3.200177642794721,3.200177642794721,0.0
520,120,5,1,,3.200177642794721,3.200177642794721,0.0
519,120,3,19,,3.200177642794721,3.200177642794721,0.0
517,120,3,15,,3.200177642794721,3.200177642794721,0.0
509,120,1,19,,3.200177642794721,3.200177642794721,0.0
516,120,3,13,,3.200177642794721,3.200177642794721,0.0
515,120,3,11,,3.200177642794721,3.200177642794721,0.0
514,120,3,9,,3.200177642794721,3.200177642794721,0.0
513,120,3,7,,3.200177642794721,3.200177642794721,0.0
512,120,3,5,,3.200177642794721,3.200177642794721,0.0
511,120,3,3,,3.200177642794721,3.200177642794721,0.0
510,120,3,1,,3.200177642794721,3.200177642794721,0.0
567,120,13,15,,3.200177642794721,3.200177642794721,0.0
568,120,13,17,,3.200177642794721,3.200177642794721,0.0
569,120,13,19,,3.200177642794721,3.200177642794721,0.0
570,120,15,1,,3.200177642794721,3.200177642794721,0.0
627,140,5,15,,2.990286603379763,2.990286603379763,0.0
626,140,5,13,,2.990286603379763,2.990286603379763,0.0
625,140,5,11,,2.990286603379763,2.990286603379763,0.0
624,140,5,9,,2.990286603379763,2.990286603379763,0.0
623,140,5,7,,2.990286603379763,2.990286603379763,0.0
622,140,5,5,,2.990286603379763,2.990286603379763,0.0
621,140,5,3,,2.990286603379763,2.990286603379763,0.0
620,140,5,1,,2.990286603379763,2.990286603379763,0.0
619,140,3,19,,2.990286603379763,2.990286603379763,0.0
618,140,3,17,,2.990286603379763,2.990286603379763,0.0
617,140,3,15,,2.990286603379763,2.990286603379763,0.0
616,140,3,13,,2.990286603379763,2.990286603379763,0.0
615,140,3,11,,2.990286603379763,2.990286603379763,0.0
614,140,3,9,,2.990286603379763,2.990286603379763,0.0
613,140,3,7,,2.990286603379763,2.990286603379763,0.0
612,140,3,5,,2.990286603379763,2.990286603379763,0.0
611,140,3,3,,2.990286603379763,2.990286603379763,0.0
628,140,5,17,,2.990286603379763,2.990286603379763,0.0
629,140,5,19,,2.990286603379763,2.990286603379763,0.0
630,140,7,1,,2.990286603379763,2.990286603379763,0.0
640,140,9,1,,2.990286603379763,2.990286603379763,0.0
647,140,9,15,,2.990286603379763,2.990286603379763,0.0
646,140,9,13,,2.990286603379763,2.990286603379763,0.0
645,140,9,11,,2.990286603379763,2.990286603379763,0.0
644,140,9,9,,2.990286603379763,2.990286603379763,0.0
643,140,9,7,,2.990286603379763,2.990286603379763,0.0
642,140,9,5,,2.990286603379763,2.990286603379763,0.0
641,140,9,3,,2.990286603379763,2.990286603379763,0.0
639,140,7,19,,2.990286603379763,2.990286603379763,0.0
631,140,7,3,,2.990286603379763,2.990286603379763,0.0
638,140,7,17,,2.990286603379763,2.990286603379763,0.0
637,140,7,15,,2.990286603379763,2.990286603379763,0.0
636,140,7,13,,2.990286603379763,2.990286603379763,0.0
635,140,7,11,,2.990286603379763,2.990286603379763,0.0
634,140,7,9,,2.990286603379763,2.990286603379763,0.0
633,140,7,7,,2.990286603379763,2.990286603379763,0.0
632,140,7,5,,2.990286603379763,2.990286603379763,0.0
610,140,3,1,,2.990286603379763,2.990286603379763,0.0
609,140,1,19,,2.990286603379763,2.990286603379763,0.0
608,140,1,17,,2.990286603379763,2.990286603379763,0.0
579,120,15,19,,3.200177642794721,3.200177642794721,0.0
586,120,17,13,,3.200177642794721,3.200177642794721,0.0
585,120,17,11,,3.200177642794721,3.200177642794721,0.0
584,120,17,9,,3.200177642794721,3.200177642794721,0.0
583,120,17,7,,3.200177642794721,3.200177642794721,0.0
582,120,17,5,,3.200177642794721,3.200177642794721,0.0
581,120,17,3,,3.200177642794721,3.200177642794721,0.0
580,120,17,1,,3.200177642794721,3.200177642794721,0.0
578,120,15,17,,3.200177642794721,3.200177642794721,0.0
588,120,17,17,,3.200177642794721,3.200177642794721,0.0
577,120,15,15,,3.200177642794721,3.200177642794721,0.0
576,120,15,13,,3.200177642794721,3.200177642794721,0.0
575,120,15,11,,3.200177642794721,3.200177642794721,0.0
574,120,15,9,,3.200177642794721,3.200177642794721,0.0
573,120,15,7,,3.200177642794721,3.200177642794721,0.0
572,120,15,5,,3.200177642794721,3.200177642794721,0.0
571,120,15,3,,3.200177642794721,3.200177642794721,0.0
587,120,17,15,,3.200177642794721,3.200177642794721,0.0
589,120,17,19,,3.200177642794721,3.200177642794721,0.0
607,140,1,15,,2.990286603379763,2.990286603379763,0.0
599,120,19,19,,3.200177642794721,3.200177642794721,0.0
606,140,1,13,,2.990286603379763,2.990286603379763,0.0
605,140,1,11,,2.990286603379763,2.990286603379763,0.0
604,140,1,9,,2.990286603379763,2.990286603379763,0.0
603,140,1,7,,2.990286603379763,2.990286603379763,0.0
602,140,1,5,,2.990286603379763,2.990286603379763,0.0
601,140,1,3,,2.990286603379763,2.990286603379763,0.0
600,140,1,1,,2.990286603379763,2.990286603379763,0.0
598,120,19,17,,3.200177642794721,3.200177642794721,0.0
590,120,19,1,,3.200177642794721,3.200177642794721,0.0
597,120,19,15,,3.200177642794721,3.200177642794721,0.0
596,120,19,13,,3.200177642794721,3.200177642794721,0.0
595,120,19,11,,3.200177642794721,3.200177642794721,0.0
594,120,19,9,,3.200177642794721,3.200177642794721,0.0
593,120,19,7,,3.200177642794721,3.200177642794721,0.0
592,120,19,5,,3.200177642794721,3.200177642794721,0.0
591,120,19,3,,3.200177642794721,3.200177642794721,0.0
488,100,17,17,,3.078671363886464,3.078671363886464,0.0
487,100,17,15,,3.078671363886464,3.078671363886464,0.0
486,100,17,13,,3.078671363886464,3.078671363886464,0.0
405,100,1,11,,3.078671363886464,3.078671363886464,0.0
383,80,17,7,,3.2833877179057525,3.2833877179057525,0.0
382,80,17,5,,3.2833877179057525,3.2833877179057525,0.0
381,80,17,3,,3.2833877179057525,3.2833877179057525,0.0
380,80,17,1,,3.2833877179057525,3.2833877179057525,0.0
379,80,15,19,,3.2833877179057525,3.2833877179057525,0.0
378,80,15,17,,3.2833877179057525,3.2833877179057525,0.0
377,80,15,15,,3.2833877179057525,3.2833877179057525,0.0
376,80,15,13,,3.2833877179057525,3.2833877179057525,0.0
375,80,15,11,,3.2833877179057525,3.2833877179057525,0.0
374,80,15,9,,3.2833877179057525,3.2833877179057525,0.0
373,80,15,7,,3.2833877179057525,3.2833877179057525,0.0
372,80,15,5,,3.2833877179057525,3.2833877179057525,0.0
371,80,15,3,,3.2833877179057525,3.2833877179057525,0.0
370,80,15,1,,3.2833877179057525,3.2833877179057525,0.0
369,80,13,19,,3.2833877179057525,3.2833877179057525,0.0
368,80,13,17,,3.2833877179057525,3.2833877179057525,0.0
367,80,13,15,,3.2833877179057525,3.2833877179057525,0.0
384,80,17,9,,3.2833877179057525,3.2833877179057525,0.0
385,80,17,11,,3.2833877179057525,3.2833877179057525,0.0
386,80,17,13,,3.2833877179057525,3.2833877179057525,0.0
396,80,19,13,,3.2833877179057525,3.2833877179057525,0.0
403,100,1,7,,3.078671363886464,3.078671363886464,0.0
402,100,1,5,,3.078671363886464,3.078671363886464,0.0
401,100,1,3,,3.078671363886464,3.078671363886464,0.0
400,100,1,1,,3.078671363886464,3.078671363886464,0.0
399,80,19,19,,3.2833877179057525,3.2833877179057525,0.0
398,80,19,17,,3.2833877179057525,3.2833877179057525,0.0
397,80,19,15,,3.2833877179057525,3.2833877179057525,0.0
395,80,19,11,,3.2833877179057525,3.2833877179057525,0.0
387,80,17,15,,3.2833877179057525,3.2833877179057525,0.0
394,80,19,9,,3.2833877179057525,3.2833877179057525,0.0
393,80,19,7,,3.2833877179057525,3.2833877179057525,0.0
392,80,19,5,,3.2833877179057525,3.2833877179057525,0.0
391,80,19,3,,3.2833877179057525,3.2833877179057525,0.0
390,80,19,1,,3.2833877179057525,3.2833877179057525,0.0
389,80,17,19,,3.2833877179057525,3.2833877179057525,0.0
388,80,17,17,,3.2833877179057525,3.2833877179057525,0.0
366,80,13,13,,3.2833877179057525,3.2833877179057525,0.0
365,80,13,11,,3.2833877179057525,3.2833877179057525,0.0
364,80,13,9,,3.2833877179057525,3.2833877179057525,0.0
335,80,7,11,,3.2833877179057525,3.2833877179057525,0.0
342,80,9,5,,3.2833877179057525,3.2833877179057525,0.0
341,80,9,3,,3.2833877179057525,3.2833877179057525,0.0
340,80,9,1,,3.2833877179057525,3.2833877179057525,0.0
339,80,7,19,,3.2833877179057525,3.2833877179057525,0.0
338,80,7,17,,3.2833877179057525,3.2833877179057525,0.0
337,80,7,15,,3.2833877179057525,3.2833877179057525,0.0
336,80,7,13,,3.2833877179057525,3.2833877179057525,0.0
334,80,7,9,,3.2833877179057525,3.2833877179057525,0.0
344,80,9,9,,3.2833877179057525,3.2833877179057525,0.0
333,80,7,7,,3.2833877179057525,3.2833877179057525,0.0
332,80,7,5,,3.2833877179057525,3.2833877179057525,0.0
331,80,7,3,,3.2833877179057525,3.2833877179057525,0.0
330,80,7,1,,3.2833877179057525,3.2833877179057525,0.0
329,80,5,19,,3.2833877179057525,3.2833877179057525,0.0
328,80,5,17,,3.2833877179057525,3.2833877179057525,0.0
327,80,5,15,,3.2833877179057525,3.2833877179057525,0.0
343,80,9,7,,3.2833877179057525,3.2833877179057525,0.0
345,80,9,11,,3.2833877179057525,3.2833877179057525,0.0
363,80,13,7,,3.2833877179057525,3.2833877179057525,0.0
355,80,11,11,,3.2833877179057525,3.2833877179057525,0.0
362,80,13,5,,3.2833877179057525,3.2833877179057525,0.0
361,80,13,3,,3.2833877179057525,3.2833877179057525,0.0
360,80,13,1,,3.2833877179057525,3.2833877179057525,0.0
359,80,11,19,,3.2833877179057525,3.2833877179057525,0.0
358,80,11,17,,3.2833877179057525,3.2833877179057525,0.0
357,80,11,15,,3.2833877179057525,3.2833877179057525,0.0
356,80,11,13,,3.2833877179057525,3.2833877179057525,0.0
354,80,11,9,,3.2833877179057525,3.2833877179057525,0.0
346,80,9,13,,3.2833877179057525,3.2833877179057525,0.0
353,80,11,7,,3.2833877179057525,3.2833877179057525,0.0
352,80,11,5,,3.2833877179057525,3.2833877179057525,0.0
351,80,11,3,,3.2833877179057525,3.2833877179057525,0.0
350,80,11,1,,3.2833877179057525,3.2833877179057525,0.0
349,80,9,19,,3.2833877179057525,3.2833877179057525,0.0
348,80,9,17,,3.2833877179057525,3.2833877179057525,0.0
347,80,9,15,,3.2833877179057525,3.2833877179057525,0.0
404,100,1,9,,3.078671363886464,3.078671363886464,0.0
406,100,1,13,,3.078671363886464,3.078671363886464,0.0
485,100,17,11,,3.078671363886464,3.078671363886464,0.0
407,100,1,15,,3.078671363886464,3.078671363886464,0.0
464,100,13,9,,3.078671363886464,3.078671363886464,0.0
463,100,13,7,,3.078671363886464,3.078671363886464,0.0
462,100,13,5,,3.078671363886464,3.078671363886464,0.0
461,100,13,3,,3.078671363886464,3.078671363886464,0.0
460,100,13,1,,3.078671363886464,3.078671363886464,0.0
459,100,11,19,,3.078671363886464,3.078671363886464,0.0
458,100,11,17,,3.078671363886464,3.078671363886464,0.0
457,100,11,15,,3.078671363886464,3.078671363886464,0.0
456,100,11,13,,3.078671363886464,3.078671363886464,0.0
455,100,11,11,,3.078671363886464,3.078671363886464,0.0
454,100,11,9,,3.078671363886464,3.078671363886464,0.0
453,100,11,7,,3.078671363886464,3.078671363886464,0.0
452,100,11,5,,3.078671363886464,3.078671363886464,0.0
451,100,11,3,,3.078671363886464,3.078671363886464,0.0
450,100,11,1,,3.078671363886464,3.078671363886464,0.0
449,100,9,19,,3.078671363886464,3.078671363886464,0.0
448,100,9,17,,3.078671363886464,3.078671363886464,0.0
465,100,13,11,,3.078671363886464,3.078671363886464,0.0
466,100,13,13,,3.078671363886464,3.078671363886464,0.0
467,100,13,15,,3.078671363886464,3.078671363886464,0.0
477,100,15,15,,3.078671363886464,3.078671363886464,0.0
484,100,17,9,,3.078671363886464,3.078671363886464,0.0
483,100,17,7,,3.078671363886464,3.078671363886464,0.0
482,100,17,5,,3.078671363886464,3.078671363886464,0.0
481,100,17,3,,3.078671363886464,3.078671363886464,0.0
480,100,17,1,,3.078671363886464,3.078671363886464,0.0
479,100,15,19,,3.078671363886464,3.078671363886464,0.0
478,100,15,17,,3.078671363886464,3.078671363886464,0.0
476,100,15,13,,3.078671363886464,3.078671363886464,0.0
468,100,13,17,,3.078671363886464,3.078671363886464,0.0
475,100,15,11,,3.078671363886464,3.078671363886464,0.0
474,100,15,9,,3.078671363886464,3.078671363886464,0.0
473,100,15,7,,3.078671363886464,3.078671363886464,0.0
472,100,15,5,,3.078671363886464,3.078671363886464,0.0
471,100,15,3,,3.078671363886464,3.078671363886464,0.0
470,100,15,1,,3.078671363886464,3.078671363886464,0.0
469,100,13,19,,3.078671363886464,3.078671363886464,0.0
447,100,9,15,,3.078671363886464,3.078671363886464,0.0
446,100,9,13,,3.078671363886464,3.078671363886464,0.0
445,100,9,11,,3.078671363886464,3.078671363886464,0.0
416,100,3,13,,3.078671363886464,3.078671363886464,0.0
423,100,5,7,,3.078671363886464,3.078671363886464,0.0
422,100,5,5,,3.078671363886464,3.078671363886464,0.0
421,100,5,3,,3.078671363886464,3.078671363886464,0.0
420,100,5,1,,3.078671363886464,3.078671363886464,0.0
419,100,3,19,,3.078671363886464,3.078671363886464,0.0
418,100,3,17,,3.078671363886464,3.078671363886464,0.0
417,100,3,15,,3.078671363886464,3.078671363886464,0.0
415,100,3,11,,3.078671363886464,3.078671363886464,0.0
425,100,5,11,,3.078671363886464,3.078671363886464,0.0
414,100,3,9,,3.078671363886464,3.078671363886464,0.0
413,100,3,7,,3.078671363886464,3.078671363886464,0.0
412,100,3,5,,3.078671363886464,3.078671363886464,0.0
411,100,3,3,,3.078671363886464,3.078671363886464,0.0
410,100,3,1,,3.078671363886464,3.078671363886464,0.0
409,100,1,19,,3.078671363886464,3.078671363886464,0.0
408,100,1,17,,3.078671363886464,3.078671363886464,0.0
424,100,5,9,,3.078671363886464,3.078671363886464,0.0
426,100,5,13,,3.078671363886464,3.078671363886464,0.0
444,100,9,9,,3.078671363886464,3.078671363886464,0.0
436,100,7,13,,3.078671363886464,3.078671363886464,0.0
443,100,9,7,,3.078671363886464,3.078671363886464,0.0
442,100,9,5,,3.078671363886464,3.078671363886464,0.0
441,100,9,3,,3.078671363886464,3.078671363886464,0.0
440,100,9,1,,3.078671363886464,3.078671363886464,0.0
439,100,7,19,,3.078671363886464,3.078671363886464,0.0
438,100,7,17,,3.078671363886464,3.078671363886464,0.0
437,100,7,15,,3.078671363886464,3.078671363886464,0.0
435,100,7,11,,3.078671363886464,3.078671363886464,0.0
427,100,5,15,,3.078671363886464,3.078671363886464,0.0
434,100,7,9,,3.078671363886464,3.078671363886464,0.0
433,100,7,7,,3.078671363886464,3.078671363886464,0.0
432,100,7,5,,3.078671363886464,3.078671363886464,0.0
431,100,7,3,,3.078671363886464,3.078671363886464,0.0
430,100,7,1,,3.078671363886464,3.078671363886464,0.0
429,100,5,19,,3.078671363886464,3.078671363886464,0.0
428,100,5,17,,3.078671363886464,3.078671363886464,0.0
1299,260,19,19,,1.575018738820436,1.575018738820436,0.0
