,LMA,MinPrice,MaxPrice,MARKET,STRATEGY,OUT
1439,290,18,18,1.2189619644994159,1.0,-0.21896196449941585
1403,290,10,18,1.2189619644994159,1.0,-0.21896196449941585
1387,290,8,4,1.2189619644994159,1.0,-0.21896196449941585
1388,290,8,6,1.2189619644994159,1.0,-0.21896196449941585
1389,290,8,8,1.2189619644994159,1.0,-0.21896196449941585
1390,290,8,10,1.2189619644994159,1.0,-0.21896196449941585
1391,290,8,12,1.2189619644994159,1.0,-0.21896196449941585
1392,290,8,14,1.2189619644994159,1.0,-0.21896196449941585
1393,290,8,16,1.2189619644994159,1.0,-0.21896196449941585
1394,290,8,18,1.2189619644994159,1.0,-0.21896196449941585
1395,290,10,2,1.2189619644994159,1.0,-0.21896196449941585
1396,290,10,4,1.2189619644994159,1.0,-0.21896196449941585
1397,290,10,6,1.2189619644994159,1.0,-0.21896196449941585
1398,290,10,8,1.2189619644994159,1.0,-0.21896196449941585
1399,290,10,10,1.2189619644994159,1.0,-0.21896196449941585
1400,290,10,12,1.2189619644994159,1.0,-0.21896196449941585
1401,290,10,14,1.2189619644994159,1.0,-0.21896196449941585
1386,290,8,2,1.2189619644994159,1.0,-0.21896196449941585
1385,290,6,18,1.2189619644994159,1.0,-0.21896196449941585
1384,290,6,16,1.2189619644994159,1.0,-0.21896196449941585
1375,290,4,16,1.2189619644994159,1.0,-0.21896196449941585
1369,290,4,4,1.2189619644994159,1.0,-0.21896196449941585
1370,290,4,6,1.2189619644994159,1.0,-0.21896196449941585
1371,290,4,8,1.2189619644994159,1.0,-0.21896196449941585
1372,290,4,10,1.2189619644994159,1.0,-0.21896196449941585
1373,290,4,12,1.2189619644994159,1.0,-0.21896196449941585
1374,290,4,14,1.2189619644994159,1.0,-0.21896196449941585
1376,290,4,18,1.2189619644994159,1.0,-0.21896196449941585
1383,290,6,14,1.2189619644994159,1.0,-0.21896196449941585
1377,290,6,2,1.2189619644994159,1.0,-0.21896196449941585
1378,290,6,4,1.2189619644994159,1.0,-0.21896196449941585
1379,290,6,6,1.2189619644994159,1.0,-0.21896196449941585
1380,290,6,8,1.2189619644994159,1.0,-0.21896196449941585
1381,290,6,10,1.2189619644994159,1.0,-0.21896196449941585
1382,290,6,12,1.2189619644994159,1.0,-0.21896196449941585
1402,290,10,16,1.2189619644994159,1.0,-0.21896196449941585
1368,290,4,2,1.2189619644994159,1.0,-0.21896196449941585
1404,290,12,2,1.2189619644994159,1.0,-0.21896196449941585
1431,290,18,2,1.2189619644994159,1.0,-0.21896196449941585
1424,290,16,6,1.2189619644994159,1.0,-0.21896196449941585
1425,290,16,8,1.2189619644994159,1.0,-0.21896196449941585
1426,290,16,10,1.2189619644994159,1.0,-0.21896196449941585
1427,290,16,12,1.2189619644994159,1.0,-0.21896196449941585
1428,290,16,14,1.2189619644994159,1.0,-0.21896196449941585
1430,290,16,18,1.2189619644994159,1.0,-0.21896196449941585
1432,290,18,4,1.2189619644994159,1.0,-0.21896196449941585
1422,290,16,2,1.2189619644994159,1.0,-0.21896196449941585
1433,290,18,6,1.2189619644994159,1.0,-0.21896196449941585
1434,290,18,8,1.2189619644994159,1.0,-0.21896196449941585
1435,290,18,10,1.2189619644994159,1.0,-0.21896196449941585
1436,290,18,12,1.2189619644994159,1.0,-0.21896196449941585
1437,290,18,14,1.2189619644994159,1.0,-0.21896196449941585
1438,290,18,16,1.2189619644994159,1.0,-0.21896196449941585
1423,290,16,4,1.2189619644994159,1.0,-0.21896196449941585
1429,290,16,16,1.2189619644994159,1.0,-0.21896196449941585
1421,290,14,18,1.2189619644994159,1.0,-0.21896196449941585
1413,290,14,2,1.2189619644994159,1.0,-0.21896196449941585
1420,290,14,16,1.2189619644994159,1.0,-0.21896196449941585
1407,290,12,8,1.2189619644994159,1.0,-0.21896196449941585
1408,290,12,10,1.2189619644994159,1.0,-0.21896196449941585
1409,290,12,12,1.2189619644994159,1.0,-0.21896196449941585
1410,290,12,14,1.2189619644994159,1.0,-0.21896196449941585
1411,290,12,16,1.2189619644994159,1.0,-0.21896196449941585
1412,290,12,18,1.2189619644994159,1.0,-0.21896196449941585
1406,290,12,6,1.2189619644994159,1.0,-0.21896196449941585
1414,290,14,4,1.2189619644994159,1.0,-0.21896196449941585
1417,290,14,10,1.2189619644994159,1.0,-0.21896196449941585
1419,290,14,14,1.2189619644994159,1.0,-0.21896196449941585
1418,290,14,12,1.2189619644994159,1.0,-0.21896196449941585
1405,290,12,4,1.2189619644994159,1.0,-0.21896196449941585
1416,290,14,8,1.2189619644994159,1.0,-0.21896196449941585
1415,290,14,6,1.2189619644994159,1.0,-0.21896196449941585
1275,270,14,14,1.5104659769276736,1.0,-0.5104659769276736
1274,270,14,12,1.5104659769276736,1.0,-0.5104659769276736
1273,270,14,10,1.5104659769276736,1.0,-0.5104659769276736
1272,270,14,8,1.5104659769276736,1.0,-0.5104659769276736
1271,270,14,6,1.5104659769276736,1.0,-0.5104659769276736
1270,270,14,4,1.5104659769276736,1.0,-0.5104659769276736
1269,270,14,2,1.5104659769276736,1.0,-0.5104659769276736
1268,270,12,18,1.5104659769276736,1.0,-0.5104659769276736
1267,270,12,16,1.5104659769276736,1.0,-0.5104659769276736
1266,270,12,14,1.5104659769276736,1.0,-0.5104659769276736
1276,270,14,16,1.5104659769276736,1.0,-0.5104659769276736
1264,270,12,10,1.5104659769276736,1.0,-0.5104659769276736
1263,270,12,8,1.5104659769276736,1.0,-0.5104659769276736
1262,270,12,6,1.5104659769276736,1.0,-0.5104659769276736
1261,270,12,4,1.5104659769276736,1.0,-0.5104659769276736
1265,270,12,12,1.5104659769276736,1.0,-0.5104659769276736
1293,270,18,14,1.5104659769276736,1.0,-0.5104659769276736
1277,270,14,18,1.5104659769276736,1.0,-0.5104659769276736
1278,270,16,2,1.5104659769276736,1.0,-0.5104659769276736
1259,270,10,18,1.5104659769276736,1.0,-0.5104659769276736
1292,270,18,12,1.5104659769276736,1.0,-0.5104659769276736
1291,270,18,10,1.5104659769276736,1.0,-0.5104659769276736
1290,270,18,8,1.5104659769276736,1.0,-0.5104659769276736
1289,270,18,6,1.5104659769276736,1.0,-0.5104659769276736
1288,270,18,4,1.5104659769276736,1.0,-0.5104659769276736
1287,270,18,2,1.5104659769276736,1.0,-0.5104659769276736
1286,270,16,18,1.5104659769276736,1.0,-0.5104659769276736
1285,270,16,16,1.5104659769276736,1.0,-0.5104659769276736
1284,270,16,14,1.5104659769276736,1.0,-0.5104659769276736
1283,270,16,12,1.5104659769276736,1.0,-0.5104659769276736
1282,270,16,10,1.5104659769276736,1.0,-0.5104659769276736
1281,270,16,8,1.5104659769276736,1.0,-0.5104659769276736
1280,270,16,6,1.5104659769276736,1.0,-0.5104659769276736
1279,270,16,4,1.5104659769276736,1.0,-0.5104659769276736
1260,270,12,2,1.5104659769276736,1.0,-0.5104659769276736
1241,270,6,18,1.5104659769276736,1.0,-0.5104659769276736
1258,270,10,16,1.5104659769276736,1.0,-0.5104659769276736
1257,270,10,14,1.5104659769276736,1.0,-0.5104659769276736
1237,270,6,10,1.5104659769276736,1.0,-0.5104659769276736
1236,270,6,8,1.5104659769276736,1.0,-0.5104659769276736
1235,270,6,6,1.5104659769276736,1.0,-0.5104659769276736
1234,270,6,4,1.5104659769276736,1.0,-0.5104659769276736
1233,270,6,2,1.5104659769276736,1.0,-0.5104659769276736
1232,270,4,18,1.5104659769276736,1.0,-0.5104659769276736
1231,270,4,16,1.5104659769276736,1.0,-0.5104659769276736
1230,270,4,14,1.5104659769276736,1.0,-0.5104659769276736
1229,270,4,12,1.5104659769276736,1.0,-0.5104659769276736
1228,270,4,10,1.5104659769276736,1.0,-0.5104659769276736
1227,270,4,8,1.5104659769276736,1.0,-0.5104659769276736
1226,270,4,6,1.5104659769276736,1.0,-0.5104659769276736
1225,270,4,4,1.5104659769276736,1.0,-0.5104659769276736
1224,270,4,2,1.5104659769276736,1.0,-0.5104659769276736
1295,270,18,18,1.5104659769276736,1.0,-0.5104659769276736
1238,270,6,12,1.5104659769276736,1.0,-0.5104659769276736
1239,270,6,14,1.5104659769276736,1.0,-0.5104659769276736
1240,270,6,16,1.5104659769276736,1.0,-0.5104659769276736
1250,270,8,18,1.5104659769276736,1.0,-0.5104659769276736
1256,270,10,12,1.5104659769276736,1.0,-0.5104659769276736
1255,270,10,10,1.5104659769276736,1.0,-0.5104659769276736
1254,270,10,8,1.5104659769276736,1.0,-0.5104659769276736
1253,270,10,6,1.5104659769276736,1.0,-0.5104659769276736
1252,270,10,4,1.5104659769276736,1.0,-0.5104659769276736
1251,270,10,2,1.5104659769276736,1.0,-0.5104659769276736
1249,270,8,16,1.5104659769276736,1.0,-0.5104659769276736
1242,270,8,2,1.5104659769276736,1.0,-0.5104659769276736
1248,270,8,14,1.5104659769276736,1.0,-0.5104659769276736
1247,270,8,12,1.5104659769276736,1.0,-0.5104659769276736
1246,270,8,10,1.5104659769276736,1.0,-0.5104659769276736
1245,270,8,8,1.5104659769276736,1.0,-0.5104659769276736
1244,270,8,6,1.5104659769276736,1.0,-0.5104659769276736
1243,270,8,4,1.5104659769276736,1.0,-0.5104659769276736
1294,270,18,16,1.5104659769276736,1.0,-0.5104659769276736
1314,280,8,2,1.5429163159997616,1.0,-0.5429163159997616
1296,280,4,2,1.5429163159997616,1.0,-0.5429163159997616
1333,280,12,4,1.5429163159997616,1.0,-0.5429163159997616
1297,280,4,4,1.5429163159997616,1.0,-0.5429163159997616
1348,280,14,16,1.5429163159997616,1.0,-0.5429163159997616
1347,280,14,14,1.5429163159997616,1.0,-0.5429163159997616
1346,280,14,12,1.5429163159997616,1.0,-0.5429163159997616
1345,280,14,10,1.5429163159997616,1.0,-0.5429163159997616
1344,280,14,8,1.5429163159997616,1.0,-0.5429163159997616
1343,280,14,6,1.5429163159997616,1.0,-0.5429163159997616
1342,280,14,4,1.5429163159997616,1.0,-0.5429163159997616
1341,280,14,2,1.5429163159997616,1.0,-0.5429163159997616
1340,280,12,18,1.5429163159997616,1.0,-0.5429163159997616
1339,280,12,16,1.5429163159997616,1.0,-0.5429163159997616
1338,280,12,14,1.5429163159997616,1.0,-0.5429163159997616
1337,280,12,12,1.5429163159997616,1.0,-0.5429163159997616
1336,280,12,10,1.5429163159997616,1.0,-0.5429163159997616
1335,280,12,8,1.5429163159997616,1.0,-0.5429163159997616
1350,280,16,2,1.5429163159997616,1.0,-0.5429163159997616
1351,280,16,4,1.5429163159997616,1.0,-0.5429163159997616
1352,280,16,6,1.5429163159997616,1.0,-0.5429163159997616
1361,280,18,6,1.5429163159997616,1.0,-0.5429163159997616
1367,280,18,18,1.5429163159997616,1.0,-0.5429163159997616
1366,280,18,16,1.5429163159997616,1.0,-0.5429163159997616
1365,280,18,14,1.5429163159997616,1.0,-0.5429163159997616
1364,280,18,12,1.5429163159997616,1.0,-0.5429163159997616
1363,280,18,10,1.5429163159997616,1.0,-0.5429163159997616
1362,280,18,8,1.5429163159997616,1.0,-0.5429163159997616
1360,280,18,4,1.5429163159997616,1.0,-0.5429163159997616
1353,280,16,8,1.5429163159997616,1.0,-0.5429163159997616
1359,280,18,2,1.5429163159997616,1.0,-0.5429163159997616
1358,280,16,18,1.5429163159997616,1.0,-0.5429163159997616
1357,280,16,16,1.5429163159997616,1.0,-0.5429163159997616
1356,280,16,14,1.5429163159997616,1.0,-0.5429163159997616
1355,280,16,12,1.5429163159997616,1.0,-0.5429163159997616
1354,280,16,10,1.5429163159997616,1.0,-0.5429163159997616
1334,280,12,6,1.5429163159997616,1.0,-0.5429163159997616
1349,280,14,18,1.5429163159997616,1.0,-0.5429163159997616
1332,280,12,2,1.5429163159997616,1.0,-0.5429163159997616
1304,280,4,18,1.5429163159997616,1.0,-0.5429163159997616
1311,280,6,14,1.5429163159997616,1.0,-0.5429163159997616
1310,280,6,12,1.5429163159997616,1.0,-0.5429163159997616
1309,280,6,10,1.5429163159997616,1.0,-0.5429163159997616
1308,280,6,8,1.5429163159997616,1.0,-0.5429163159997616
1306,280,6,4,1.5429163159997616,1.0,-0.5429163159997616
1305,280,6,2,1.5429163159997616,1.0,-0.5429163159997616
1303,280,4,16,1.5429163159997616,1.0,-0.5429163159997616
1313,280,6,18,1.5429163159997616,1.0,-0.5429163159997616
1302,280,4,14,1.5429163159997616,1.0,-0.5429163159997616
1301,280,4,12,1.5429163159997616,1.0,-0.5429163159997616
1300,280,4,10,1.5429163159997616,1.0,-0.5429163159997616
1299,280,4,8,1.5429163159997616,1.0,-0.5429163159997616
1298,280,4,6,1.5429163159997616,1.0,-0.5429163159997616
1331,280,10,18,1.5429163159997616,1.0,-0.5429163159997616
1312,280,6,16,1.5429163159997616,1.0,-0.5429163159997616
1307,280,6,6,1.5429163159997616,1.0,-0.5429163159997616
1329,280,10,14,1.5429163159997616,1.0,-0.5429163159997616
1322,280,8,18,1.5429163159997616,1.0,-0.5429163159997616
1330,280,10,16,1.5429163159997616,1.0,-0.5429163159997616
1315,280,8,4,1.5429163159997616,1.0,-0.5429163159997616
1328,280,10,12,1.5429163159997616,1.0,-0.5429163159997616
1327,280,10,10,1.5429163159997616,1.0,-0.5429163159997616
1326,280,10,8,1.5429163159997616,1.0,-0.5429163159997616
1324,280,10,4,1.5429163159997616,1.0,-0.5429163159997616
1323,280,10,2,1.5429163159997616,1.0,-0.5429163159997616
1325,280,10,6,1.5429163159997616,1.0,-0.5429163159997616
1321,280,8,16,1.5429163159997616,1.0,-0.5429163159997616
1320,280,8,14,1.5429163159997616,1.0,-0.5429163159997616
1319,280,8,12,1.5429163159997616,1.0,-0.5429163159997616
1318,280,8,10,1.5429163159997616,1.0,-0.5429163159997616
1317,280,8,8,1.5429163159997616,1.0,-0.5429163159997616
1316,280,8,6,1.5429163159997616,1.0,-0.5429163159997616
1171,260,8,4,1.575018738820436,1.0,-0.575018738820436
1178,260,8,18,1.575018738820436,1.0,-0.575018738820436
1172,260,8,6,1.575018738820436,1.0,-0.575018738820436
1173,260,8,8,1.575018738820436,1.0,-0.575018738820436
1174,260,8,10,1.575018738820436,1.0,-0.575018738820436
1175,260,8,12,1.575018738820436,1.0,-0.575018738820436
1176,260,8,14,1.575018738820436,1.0,-0.575018738820436
1177,260,8,16,1.575018738820436,1.0,-0.575018738820436
1185,260,10,14,1.575018738820436,1.0,-0.575018738820436
1179,260,10,2,1.575018738820436,1.0,-0.575018738820436
1180,260,10,4,1.575018738820436,1.0,-0.575018738820436
1181,260,10,6,1.575018738820436,1.0,-0.575018738820436
1182,260,10,8,1.575018738820436,1.0,-0.575018738820436
1183,260,10,10,1.575018738820436,1.0,-0.575018738820436
1184,260,10,12,1.575018738820436,1.0,-0.575018738820436
1169,260,6,18,1.575018738820436,1.0,-0.575018738820436
1170,260,8,2,1.575018738820436,1.0,-0.575018738820436
1152,260,4,2,1.575018738820436,1.0,-0.575018738820436
1168,260,6,16,1.575018738820436,1.0,-0.575018738820436
1167,260,6,14,1.575018738820436,1.0,-0.575018738820436
1187,260,10,18,1.575018738820436,1.0,-0.575018738820436
1153,260,4,4,1.575018738820436,1.0,-0.575018738820436
1154,260,4,6,1.575018738820436,1.0,-0.575018738820436
1155,260,4,8,1.575018738820436,1.0,-0.575018738820436
1156,260,4,10,1.575018738820436,1.0,-0.575018738820436
1157,260,4,12,1.575018738820436,1.0,-0.575018738820436
1158,260,4,14,1.575018738820436,1.0,-0.575018738820436
1159,260,4,16,1.575018738820436,1.0,-0.575018738820436
1160,260,4,18,1.575018738820436,1.0,-0.575018738820436
1161,260,6,2,1.575018738820436,1.0,-0.575018738820436
1162,260,6,4,1.575018738820436,1.0,-0.575018738820436
1163,260,6,6,1.575018738820436,1.0,-0.575018738820436
1164,260,6,8,1.575018738820436,1.0,-0.575018738820436
1165,260,6,10,1.575018738820436,1.0,-0.575018738820436
1166,260,6,12,1.575018738820436,1.0,-0.575018738820436
1186,260,10,16,1.575018738820436,1.0,-0.575018738820436
1188,260,12,2,1.575018738820436,1.0,-0.575018738820436
1223,260,18,18,1.575018738820436,1.0,-0.575018738820436
1206,260,16,2,1.575018738820436,1.0,-0.575018738820436
1208,260,16,6,1.575018738820436,1.0,-0.575018738820436
1209,260,16,8,1.575018738820436,1.0,-0.575018738820436
1210,260,16,10,1.575018738820436,1.0,-0.575018738820436
1211,260,16,12,1.575018738820436,1.0,-0.575018738820436
1212,260,16,14,1.575018738820436,1.0,-0.575018738820436
1213,260,16,16,1.575018738820436,1.0,-0.575018738820436
1215,260,18,2,1.575018738820436,1.0,-0.575018738820436
1216,260,18,4,1.575018738820436,1.0,-0.575018738820436
1217,260,18,6,1.575018738820436,1.0,-0.575018738820436
1218,260,18,8,1.575018738820436,1.0,-0.575018738820436
1219,260,18,10,1.575018738820436,1.0,-0.575018738820436
1220,260,18,12,1.575018738820436,1.0,-0.575018738820436
1221,260,18,14,1.575018738820436,1.0,-0.575018738820436
1222,260,18,16,1.575018738820436,1.0,-0.575018738820436
1189,260,12,4,1.575018738820436,1.0,-0.575018738820436
1207,260,16,4,1.575018738820436,1.0,-0.575018738820436
1214,260,16,18,1.575018738820436,1.0,-0.575018738820436
1205,260,14,18,1.575018738820436,1.0,-0.575018738820436
1197,260,14,2,1.575018738820436,1.0,-0.575018738820436
1190,260,12,6,1.575018738820436,1.0,-0.575018738820436
1204,260,14,16,1.575018738820436,1.0,-0.575018738820436
1191,260,12,8,1.575018738820436,1.0,-0.575018738820436
1192,260,12,10,1.575018738820436,1.0,-0.575018738820436
1193,260,12,12,1.575018738820436,1.0,-0.575018738820436
1195,260,12,16,1.575018738820436,1.0,-0.575018738820436
1196,260,12,18,1.575018738820436,1.0,-0.575018738820436
1194,260,12,14,1.575018738820436,1.0,-0.575018738820436
1198,260,14,4,1.575018738820436,1.0,-0.575018738820436
1199,260,14,6,1.575018738820436,1.0,-0.575018738820436
1200,260,14,8,1.575018738820436,1.0,-0.575018738820436
1201,260,14,10,1.575018738820436,1.0,-0.575018738820436
1202,260,14,12,1.575018738820436,1.0,-0.575018738820436
1203,260,14,14,1.575018738820436,1.0,-0.575018738820436
1100,250,8,6,1.7803934936401067,1.0,-0.7803934936401067
1107,250,10,2,1.7803934936401067,1.0,-0.7803934936401067
1101,250,8,8,1.7803934936401067,1.0,-0.7803934936401067
1102,250,8,10,1.7803934936401067,1.0,-0.7803934936401067
1103,250,8,12,1.7803934936401067,1.0,-0.7803934936401067
1104,250,8,14,1.7803934936401067,1.0,-0.7803934936401067
1105,250,8,16,1.7803934936401067,1.0,-0.7803934936401067
1106,250,8,18,1.7803934936401067,1.0,-0.7803934936401067
1114,250,10,16,1.7803934936401067,1.0,-0.7803934936401067
1108,250,10,4,1.7803934936401067,1.0,-0.7803934936401067
1109,250,10,6,1.7803934936401067,1.0,-0.7803934936401067
1110,250,10,8,1.7803934936401067,1.0,-0.7803934936401067
1111,250,10,10,1.7803934936401067,1.0,-0.7803934936401067
1112,250,10,12,1.7803934936401067,1.0,-0.7803934936401067
1113,250,10,14,1.7803934936401067,1.0,-0.7803934936401067
1097,250,6,18,1.7803934936401067,1.0,-0.7803934936401067
1099,250,8,4,1.7803934936401067,1.0,-0.7803934936401067
1080,250,4,2,1.7803934936401067,1.0,-0.7803934936401067
1096,250,6,16,1.7803934936401067,1.0,-0.7803934936401067
1095,250,6,14,1.7803934936401067,1.0,-0.7803934936401067
1116,250,12,2,1.7803934936401067,1.0,-0.7803934936401067
1081,250,4,4,1.7803934936401067,1.0,-0.7803934936401067
1082,250,4,6,1.7803934936401067,1.0,-0.7803934936401067
1083,250,4,8,1.7803934936401067,1.0,-0.7803934936401067
1084,250,4,10,1.7803934936401067,1.0,-0.7803934936401067
1085,250,4,12,1.7803934936401067,1.0,-0.7803934936401067
1086,250,4,14,1.7803934936401067,1.0,-0.7803934936401067
1087,250,4,16,1.7803934936401067,1.0,-0.7803934936401067
1088,250,4,18,1.7803934936401067,1.0,-0.7803934936401067
1089,250,6,2,1.7803934936401067,1.0,-0.7803934936401067
1090,250,6,4,1.7803934936401067,1.0,-0.7803934936401067
1091,250,6,6,1.7803934936401067,1.0,-0.7803934936401067
1092,250,6,8,1.7803934936401067,1.0,-0.7803934936401067
1093,250,6,10,1.7803934936401067,1.0,-0.7803934936401067
1094,250,6,12,1.7803934936401067,1.0,-0.7803934936401067
1115,250,10,18,1.7803934936401067,1.0,-0.7803934936401067
1098,250,8,2,1.7803934936401067,1.0,-0.7803934936401067
1117,250,12,4,1.7803934936401067,1.0,-0.7803934936401067
1135,250,16,4,1.7803934936401067,1.0,-0.7803934936401067
1137,250,16,8,1.7803934936401067,1.0,-0.7803934936401067
1138,250,16,10,1.7803934936401067,1.0,-0.7803934936401067
1139,250,16,12,1.7803934936401067,1.0,-0.7803934936401067
1140,250,16,14,1.7803934936401067,1.0,-0.7803934936401067
1141,250,16,16,1.7803934936401067,1.0,-0.7803934936401067
1142,250,16,18,1.7803934936401067,1.0,-0.7803934936401067
1143,250,18,2,1.7803934936401067,1.0,-0.7803934936401067
1144,250,18,4,1.7803934936401067,1.0,-0.7803934936401067
1145,250,18,6,1.7803934936401067,1.0,-0.7803934936401067
1146,250,18,8,1.7803934936401067,1.0,-0.7803934936401067
1147,250,18,10,1.7803934936401067,1.0,-0.7803934936401067
1148,250,18,12,1.7803934936401067,1.0,-0.7803934936401067
1149,250,18,14,1.7803934936401067,1.0,-0.7803934936401067
1150,250,18,16,1.7803934936401067,1.0,-0.7803934936401067
1118,250,12,6,1.7803934936401067,1.0,-0.7803934936401067
1136,250,16,6,1.7803934936401067,1.0,-0.7803934936401067
1151,250,18,18,1.7803934936401067,1.0,-0.7803934936401067
1134,250,16,2,1.7803934936401067,1.0,-0.7803934936401067
1126,250,14,4,1.7803934936401067,1.0,-0.7803934936401067
1120,250,12,10,1.7803934936401067,1.0,-0.7803934936401067
1121,250,12,12,1.7803934936401067,1.0,-0.7803934936401067
1122,250,12,14,1.7803934936401067,1.0,-0.7803934936401067
1123,250,12,16,1.7803934936401067,1.0,-0.7803934936401067
1124,250,12,18,1.7803934936401067,1.0,-0.7803934936401067
1125,250,14,2,1.7803934936401067,1.0,-0.7803934936401067
1119,250,12,8,1.7803934936401067,1.0,-0.7803934936401067
1127,250,14,6,1.7803934936401067,1.0,-0.7803934936401067
1129,250,14,10,1.7803934936401067,1.0,-0.7803934936401067
1130,250,14,12,1.7803934936401067,1.0,-0.7803934936401067
1131,250,14,14,1.7803934936401067,1.0,-0.7803934936401067
1132,250,14,16,1.7803934936401067,1.0,-0.7803934936401067
1133,250,14,18,1.7803934936401067,1.0,-0.7803934936401067
1128,250,14,8,1.7803934936401067,1.0,-0.7803934936401067
1034,240,8,18,2.1410594239421017,1.0,-1.1410594239421017
1028,240,8,6,2.1410594239421017,1.0,-1.1410594239421017
1029,240,8,8,2.1410594239421017,1.0,-1.1410594239421017
1030,240,8,10,2.1410594239421017,1.0,-1.1410594239421017
1031,240,8,12,2.1410594239421017,1.0,-1.1410594239421017
1032,240,8,14,2.1410594239421017,1.0,-1.1410594239421017
1033,240,8,16,2.1410594239421017,1.0,-1.1410594239421017
1038,240,10,8,2.1410594239421017,1.0,-1.1410594239421017
1035,240,10,2,2.1410594239421017,1.0,-1.1410594239421017
1036,240,10,4,2.1410594239421017,1.0,-1.1410594239421017
1037,240,10,6,2.1410594239421017,1.0,-1.1410594239421017
1039,240,10,10,2.1410594239421017,1.0,-1.1410594239421017
1040,240,10,12,2.1410594239421017,1.0,-1.1410594239421017
1041,240,10,14,2.1410594239421017,1.0,-1.1410594239421017
1027,240,8,4,2.1410594239421017,1.0,-1.1410594239421017
1042,240,10,16,2.1410594239421017,1.0,-1.1410594239421017
1019,240,6,6,2.1410594239421017,1.0,-1.1410594239421017
1026,240,8,2,2.1410594239421017,1.0,-1.1410594239421017
1025,240,6,18,2.1410594239421017,1.0,-1.1410594239421017
1010,240,4,6,2.1410594239421017,1.0,-1.1410594239421017
1011,240,4,8,2.1410594239421017,1.0,-1.1410594239421017
1012,240,4,10,2.1410594239421017,1.0,-1.1410594239421017
1013,240,4,12,2.1410594239421017,1.0,-1.1410594239421017
1014,240,4,14,2.1410594239421017,1.0,-1.1410594239421017
1015,240,4,16,2.1410594239421017,1.0,-1.1410594239421017
1016,240,4,18,2.1410594239421017,1.0,-1.1410594239421017
1017,240,6,2,2.1410594239421017,1.0,-1.1410594239421017
1018,240,6,4,2.1410594239421017,1.0,-1.1410594239421017
1044,240,12,2,2.1410594239421017,1.0,-1.1410594239421017
1020,240,6,8,2.1410594239421017,1.0,-1.1410594239421017
1021,240,6,10,2.1410594239421017,1.0,-1.1410594239421017
1022,240,6,12,2.1410594239421017,1.0,-1.1410594239421017
1023,240,6,14,2.1410594239421017,1.0,-1.1410594239421017
1024,240,6,16,2.1410594239421017,1.0,-1.1410594239421017
1043,240,10,18,2.1410594239421017,1.0,-1.1410594239421017
1052,240,12,18,2.1410594239421017,1.0,-1.1410594239421017
1045,240,12,4,2.1410594239421017,1.0,-1.1410594239421017
1071,240,18,2,2.1410594239421017,1.0,-1.1410594239421017
1065,240,16,8,2.1410594239421017,1.0,-1.1410594239421017
1066,240,16,10,2.1410594239421017,1.0,-1.1410594239421017
1067,240,16,12,2.1410594239421017,1.0,-1.1410594239421017
1068,240,16,14,2.1410594239421017,1.0,-1.1410594239421017
1069,240,16,16,2.1410594239421017,1.0,-1.1410594239421017
1070,240,16,18,2.1410594239421017,1.0,-1.1410594239421017
1072,240,18,4,2.1410594239421017,1.0,-1.1410594239421017
1063,240,16,4,2.1410594239421017,1.0,-1.1410594239421017
1073,240,18,6,2.1410594239421017,1.0,-1.1410594239421017
1074,240,18,8,2.1410594239421017,1.0,-1.1410594239421017
1075,240,18,10,2.1410594239421017,1.0,-1.1410594239421017
1076,240,18,12,2.1410594239421017,1.0,-1.1410594239421017
1077,240,18,14,2.1410594239421017,1.0,-1.1410594239421017
1078,240,18,16,2.1410594239421017,1.0,-1.1410594239421017
1064,240,16,6,2.1410594239421017,1.0,-1.1410594239421017
1062,240,16,2,2.1410594239421017,1.0,-1.1410594239421017
1046,240,12,6,2.1410594239421017,1.0,-1.1410594239421017
1053,240,14,2,2.1410594239421017,1.0,-1.1410594239421017
1047,240,12,8,2.1410594239421017,1.0,-1.1410594239421017
1048,240,12,10,2.1410594239421017,1.0,-1.1410594239421017
1049,240,12,12,2.1410594239421017,1.0,-1.1410594239421017
1050,240,12,14,2.1410594239421017,1.0,-1.1410594239421017
1051,240,12,16,2.1410594239421017,1.0,-1.1410594239421017
1008,240,4,2,2.1410594239421017,1.0,-1.1410594239421017
1054,240,14,4,2.1410594239421017,1.0,-1.1410594239421017
1061,240,14,18,2.1410594239421017,1.0,-1.1410594239421017
1055,240,14,6,2.1410594239421017,1.0,-1.1410594239421017
1056,240,14,8,2.1410594239421017,1.0,-1.1410594239421017
1057,240,14,10,2.1410594239421017,1.0,-1.1410594239421017
1058,240,14,12,2.1410594239421017,1.0,-1.1410594239421017
1059,240,14,14,2.1410594239421017,1.0,-1.1410594239421017
1060,240,14,16,2.1410594239421017,1.0,-1.1410594239421017
1009,240,4,4,2.1410594239421017,1.0,-1.1410594239421017
1079,240,18,18,2.1410594239421017,1.0,-1.1410594239421017
1007,230,18,18,2.244682536799233,1.0,-1.2446825367992331
1006,230,18,16,2.244682536799233,1.0,-1.2446825367992331
956,230,8,6,2.244682536799233,1.0,-1.2446825367992331
957,230,8,8,2.244682536799233,1.0,-1.2446825367992331
958,230,8,10,2.244682536799233,1.0,-1.2446825367992331
959,230,8,12,2.244682536799233,1.0,-1.2446825367992331
960,230,8,14,2.244682536799233,1.0,-1.2446825367992331
961,230,8,16,2.244682536799233,1.0,-1.2446825367992331
962,230,8,18,2.244682536799233,1.0,-1.2446825367992331
963,230,10,2,2.244682536799233,1.0,-1.2446825367992331
964,230,10,4,2.244682536799233,1.0,-1.2446825367992331
965,230,10,6,2.244682536799233,1.0,-1.2446825367992331
966,230,10,8,2.244682536799233,1.0,-1.2446825367992331
967,230,10,10,2.244682536799233,1.0,-1.2446825367992331
968,230,10,12,2.244682536799233,1.0,-1.2446825367992331
969,230,10,14,2.244682536799233,1.0,-1.2446825367992331
970,230,10,16,2.244682536799233,1.0,-1.2446825367992331
954,230,8,2,2.244682536799233,1.0,-1.2446825367992331
953,230,6,18,2.244682536799233,1.0,-1.2446825367992331
952,230,6,16,2.244682536799233,1.0,-1.2446825367992331
943,230,4,16,2.244682536799233,1.0,-1.2446825367992331
937,230,4,4,2.244682536799233,1.0,-1.2446825367992331
938,230,4,6,2.244682536799233,1.0,-1.2446825367992331
939,230,4,8,2.244682536799233,1.0,-1.2446825367992331
940,230,4,10,2.244682536799233,1.0,-1.2446825367992331
941,230,4,12,2.244682536799233,1.0,-1.2446825367992331
942,230,4,14,2.244682536799233,1.0,-1.2446825367992331
944,230,4,18,2.244682536799233,1.0,-1.2446825367992331
951,230,6,14,2.244682536799233,1.0,-1.2446825367992331
945,230,6,2,2.244682536799233,1.0,-1.2446825367992331
946,230,6,4,2.244682536799233,1.0,-1.2446825367992331
947,230,6,6,2.244682536799233,1.0,-1.2446825367992331
948,230,6,8,2.244682536799233,1.0,-1.2446825367992331
949,230,6,10,2.244682536799233,1.0,-1.2446825367992331
950,230,6,12,2.244682536799233,1.0,-1.2446825367992331
971,230,10,18,2.244682536799233,1.0,-1.2446825367992331
936,230,4,2,2.244682536799233,1.0,-1.2446825367992331
972,230,12,2,2.244682536799233,1.0,-1.2446825367992331
998,230,16,18,2.244682536799233,1.0,-1.2446825367992331
992,230,16,6,2.244682536799233,1.0,-1.2446825367992331
993,230,16,8,2.244682536799233,1.0,-1.2446825367992331
994,230,16,10,2.244682536799233,1.0,-1.2446825367992331
995,230,16,12,2.244682536799233,1.0,-1.2446825367992331
996,230,16,14,2.244682536799233,1.0,-1.2446825367992331
997,230,16,16,2.244682536799233,1.0,-1.2446825367992331
999,230,18,2,2.244682536799233,1.0,-1.2446825367992331
990,230,16,2,2.244682536799233,1.0,-1.2446825367992331
1000,230,18,4,2.244682536799233,1.0,-1.2446825367992331
1001,230,18,6,2.244682536799233,1.0,-1.2446825367992331
1002,230,18,8,2.244682536799233,1.0,-1.2446825367992331
1003,230,18,10,2.244682536799233,1.0,-1.2446825367992331
1004,230,18,12,2.244682536799233,1.0,-1.2446825367992331
1005,230,18,14,2.244682536799233,1.0,-1.2446825367992331
991,230,16,4,2.244682536799233,1.0,-1.2446825367992331
989,230,14,18,2.244682536799233,1.0,-1.2446825367992331
973,230,12,4,2.244682536799233,1.0,-1.2446825367992331
980,230,12,18,2.244682536799233,1.0,-1.2446825367992331
974,230,12,6,2.244682536799233,1.0,-1.2446825367992331
975,230,12,8,2.244682536799233,1.0,-1.2446825367992331
976,230,12,10,2.244682536799233,1.0,-1.2446825367992331
977,230,12,12,2.244682536799233,1.0,-1.2446825367992331
978,230,12,14,2.244682536799233,1.0,-1.2446825367992331
979,230,12,16,2.244682536799233,1.0,-1.2446825367992331
981,230,14,2,2.244682536799233,1.0,-1.2446825367992331
988,230,14,16,2.244682536799233,1.0,-1.2446825367992331
982,230,14,4,2.244682536799233,1.0,-1.2446825367992331
983,230,14,6,2.244682536799233,1.0,-1.2446825367992331
984,230,14,8,2.244682536799233,1.0,-1.2446825367992331
985,230,14,10,2.244682536799233,1.0,-1.2446825367992331
986,230,14,12,2.244682536799233,1.0,-1.2446825367992331
987,230,14,14,2.244682536799233,1.0,-1.2446825367992331
955,230,8,4,2.244682536799233,1.0,-1.2446825367992331
468,160,12,2,2.4653756685626966,1.0,-1.4653756685626966
467,160,10,18,2.4653756685626966,1.0,-1.4653756685626966
477,160,14,2,2.4653756685626966,1.0,-1.4653756685626966
483,160,14,14,2.4653756685626966,1.0,-1.4653756685626966
482,160,14,12,2.4653756685626966,1.0,-1.4653756685626966
481,160,14,10,2.4653756685626966,1.0,-1.4653756685626966
480,160,14,8,2.4653756685626966,1.0,-1.4653756685626966
479,160,14,6,2.4653756685626966,1.0,-1.4653756685626966
478,160,14,4,2.4653756685626966,1.0,-1.4653756685626966
476,160,12,18,2.4653756685626966,1.0,-1.4653756685626966
485,160,14,18,2.4653756685626966,1.0,-1.4653756685626966
475,160,12,16,2.4653756685626966,1.0,-1.4653756685626966
474,160,12,14,2.4653756685626966,1.0,-1.4653756685626966
473,160,12,12,2.4653756685626966,1.0,-1.4653756685626966
472,160,12,10,2.4653756685626966,1.0,-1.4653756685626966
471,160,12,8,2.4653756685626966,1.0,-1.4653756685626966
470,160,12,6,2.4653756685626966,1.0,-1.4653756685626966
484,160,14,16,2.4653756685626966,1.0,-1.4653756685626966
486,160,16,2,2.4653756685626966,1.0,-1.4653756685626966
503,160,18,18,2.4653756685626966,1.0,-1.4653756685626966
495,160,18,2,2.4653756685626966,1.0,-1.4653756685626966
501,160,18,14,2.4653756685626966,1.0,-1.4653756685626966
500,160,18,12,2.4653756685626966,1.0,-1.4653756685626966
499,160,18,10,2.4653756685626966,1.0,-1.4653756685626966
498,160,18,8,2.4653756685626966,1.0,-1.4653756685626966
497,160,18,6,2.4653756685626966,1.0,-1.4653756685626966
496,160,18,4,2.4653756685626966,1.0,-1.4653756685626966
494,160,16,18,2.4653756685626966,1.0,-1.4653756685626966
487,160,16,4,2.4653756685626966,1.0,-1.4653756685626966
493,160,16,16,2.4653756685626966,1.0,-1.4653756685626966
492,160,16,14,2.4653756685626966,1.0,-1.4653756685626966
491,160,16,12,2.4653756685626966,1.0,-1.4653756685626966
490,160,16,10,2.4653756685626966,1.0,-1.4653756685626966
489,160,16,8,2.4653756685626966,1.0,-1.4653756685626966
488,160,16,6,2.4653756685626966,1.0,-1.4653756685626966
469,160,12,4,2.4653756685626966,1.0,-1.4653756685626966
466,160,10,16,2.4653756685626966,1.0,-1.4653756685626966
465,160,10,14,2.4653756685626966,1.0,-1.4653756685626966
439,160,4,16,2.4653756685626966,1.0,-1.4653756685626966
445,160,6,10,2.4653756685626966,1.0,-1.4653756685626966
444,160,6,8,2.4653756685626966,1.0,-1.4653756685626966
443,160,6,6,2.4653756685626966,1.0,-1.4653756685626966
442,160,6,4,2.4653756685626966,1.0,-1.4653756685626966
441,160,6,2,2.4653756685626966,1.0,-1.4653756685626966
440,160,4,18,2.4653756685626966,1.0,-1.4653756685626966
438,160,4,14,2.4653756685626966,1.0,-1.4653756685626966
447,160,6,14,2.4653756685626966,1.0,-1.4653756685626966
437,160,4,12,2.4653756685626966,1.0,-1.4653756685626966
436,160,4,10,2.4653756685626966,1.0,-1.4653756685626966
435,160,4,8,2.4653756685626966,1.0,-1.4653756685626966
434,160,4,6,2.4653756685626966,1.0,-1.4653756685626966
433,160,4,4,2.4653756685626966,1.0,-1.4653756685626966
432,160,4,2,2.4653756685626966,1.0,-1.4653756685626966
446,160,6,12,2.4653756685626966,1.0,-1.4653756685626966
448,160,6,16,2.4653756685626966,1.0,-1.4653756685626966
457,160,8,16,2.4653756685626966,1.0,-1.4653756685626966
449,160,6,18,2.4653756685626966,1.0,-1.4653756685626966
464,160,10,12,2.4653756685626966,1.0,-1.4653756685626966
463,160,10,10,2.4653756685626966,1.0,-1.4653756685626966
462,160,10,8,2.4653756685626966,1.0,-1.4653756685626966
461,160,10,6,2.4653756685626966,1.0,-1.4653756685626966
460,160,10,4,2.4653756685626966,1.0,-1.4653756685626966
459,160,10,2,2.4653756685626966,1.0,-1.4653756685626966
458,160,8,18,2.4653756685626966,1.0,-1.4653756685626966
502,160,18,16,2.4653756685626966,1.0,-1.4653756685626966
456,160,8,14,2.4653756685626966,1.0,-1.4653756685626966
455,160,8,12,2.4653756685626966,1.0,-1.4653756685626966
454,160,8,10,2.4653756685626966,1.0,-1.4653756685626966
453,160,8,8,2.4653756685626966,1.0,-1.4653756685626966
452,160,8,6,2.4653756685626966,1.0,-1.4653756685626966
451,160,8,4,2.4653756685626966,1.0,-1.4653756685626966
450,160,8,2,2.4653756685626966,1.0,-1.4653756685626966
506,170,4,6,2.4706508931116185,1.0,-1.4706508931116185
505,170,4,4,2.4706508931116185,1.0,-1.4706508931116185
504,170,4,2,2.4706508931116185,1.0,-1.4706508931116185
531,170,10,2,2.4706508931116185,1.0,-1.4706508931116185
525,170,8,8,2.4706508931116185,1.0,-1.4706508931116185
526,170,8,10,2.4706508931116185,1.0,-1.4706508931116185
527,170,8,12,2.4706508931116185,1.0,-1.4706508931116185
528,170,8,14,2.4706508931116185,1.0,-1.4706508931116185
529,170,8,16,2.4706508931116185,1.0,-1.4706508931116185
530,170,8,18,2.4706508931116185,1.0,-1.4706508931116185
532,170,10,4,2.4706508931116185,1.0,-1.4706508931116185
522,170,8,2,2.4706508931116185,1.0,-1.4706508931116185
533,170,10,6,2.4706508931116185,1.0,-1.4706508931116185
534,170,10,8,2.4706508931116185,1.0,-1.4706508931116185
535,170,10,10,2.4706508931116185,1.0,-1.4706508931116185
536,170,10,12,2.4706508931116185,1.0,-1.4706508931116185
537,170,10,14,2.4706508931116185,1.0,-1.4706508931116185
538,170,10,16,2.4706508931116185,1.0,-1.4706508931116185
523,170,8,4,2.4706508931116185,1.0,-1.4706508931116185
521,170,6,18,2.4706508931116185,1.0,-1.4706508931116185
540,170,12,2,2.4706508931116185,1.0,-1.4706508931116185
512,170,4,18,2.4706508931116185,1.0,-1.4706508931116185
575,170,18,18,2.4706508931116185,1.0,-1.4706508931116185
507,170,4,8,2.4706508931116185,1.0,-1.4706508931116185
508,170,4,10,2.4706508931116185,1.0,-1.4706508931116185
509,170,4,12,2.4706508931116185,1.0,-1.4706508931116185
510,170,4,14,2.4706508931116185,1.0,-1.4706508931116185
511,170,4,16,2.4706508931116185,1.0,-1.4706508931116185
513,170,6,2,2.4706508931116185,1.0,-1.4706508931116185
520,170,6,16,2.4706508931116185,1.0,-1.4706508931116185
514,170,6,4,2.4706508931116185,1.0,-1.4706508931116185
515,170,6,6,2.4706508931116185,1.0,-1.4706508931116185
516,170,6,8,2.4706508931116185,1.0,-1.4706508931116185
517,170,6,10,2.4706508931116185,1.0,-1.4706508931116185
518,170,6,12,2.4706508931116185,1.0,-1.4706508931116185
519,170,6,14,2.4706508931116185,1.0,-1.4706508931116185
539,170,10,18,2.4706508931116185,1.0,-1.4706508931116185
524,170,8,6,2.4706508931116185,1.0,-1.4706508931116185
541,170,12,4,2.4706508931116185,1.0,-1.4706508931116185
558,170,16,2,2.4706508931116185,1.0,-1.4706508931116185
560,170,16,6,2.4706508931116185,1.0,-1.4706508931116185
561,170,16,8,2.4706508931116185,1.0,-1.4706508931116185
562,170,16,10,2.4706508931116185,1.0,-1.4706508931116185
563,170,16,12,2.4706508931116185,1.0,-1.4706508931116185
564,170,16,14,2.4706508931116185,1.0,-1.4706508931116185
565,170,16,16,2.4706508931116185,1.0,-1.4706508931116185
566,170,16,18,2.4706508931116185,1.0,-1.4706508931116185
567,170,18,2,2.4706508931116185,1.0,-1.4706508931116185
568,170,18,4,2.4706508931116185,1.0,-1.4706508931116185
569,170,18,6,2.4706508931116185,1.0,-1.4706508931116185
570,170,18,8,2.4706508931116185,1.0,-1.4706508931116185
571,170,18,10,2.4706508931116185,1.0,-1.4706508931116185
572,170,18,12,2.4706508931116185,1.0,-1.4706508931116185
573,170,18,14,2.4706508931116185,1.0,-1.4706508931116185
542,170,12,6,2.4706508931116185,1.0,-1.4706508931116185
559,170,16,4,2.4706508931116185,1.0,-1.4706508931116185
574,170,18,16,2.4706508931116185,1.0,-1.4706508931116185
557,170,14,18,2.4706508931116185,1.0,-1.4706508931116185
550,170,14,4,2.4706508931116185,1.0,-1.4706508931116185
543,170,12,8,2.4706508931116185,1.0,-1.4706508931116185
544,170,12,10,2.4706508931116185,1.0,-1.4706508931116185
545,170,12,12,2.4706508931116185,1.0,-1.4706508931116185
546,170,12,14,2.4706508931116185,1.0,-1.4706508931116185
548,170,12,18,2.4706508931116185,1.0,-1.4706508931116185
549,170,14,2,2.4706508931116185,1.0,-1.4706508931116185
547,170,12,16,2.4706508931116185,1.0,-1.4706508931116185
551,170,14,6,2.4706508931116185,1.0,-1.4706508931116185
552,170,14,8,2.4706508931116185,1.0,-1.4706508931116185
553,170,14,10,2.4706508931116185,1.0,-1.4706508931116185
554,170,14,12,2.4706508931116185,1.0,-1.4706508931116185
555,170,14,14,2.4706508931116185,1.0,-1.4706508931116185
556,170,14,16,2.4706508931116185,1.0,-1.4706508931116185
890,220,8,18,2.541048387237907,1.0,-1.541048387237907
883,220,8,4,2.541048387237907,1.0,-1.541048387237907
884,220,8,6,2.541048387237907,1.0,-1.541048387237907
885,220,8,8,2.541048387237907,1.0,-1.541048387237907
886,220,8,10,2.541048387237907,1.0,-1.541048387237907
887,220,8,12,2.541048387237907,1.0,-1.541048387237907
888,220,8,14,2.541048387237907,1.0,-1.541048387237907
889,220,8,16,2.541048387237907,1.0,-1.541048387237907
897,220,10,14,2.541048387237907,1.0,-1.541048387237907
891,220,10,2,2.541048387237907,1.0,-1.541048387237907
892,220,10,4,2.541048387237907,1.0,-1.541048387237907
893,220,10,6,2.541048387237907,1.0,-1.541048387237907
894,220,10,8,2.541048387237907,1.0,-1.541048387237907
895,220,10,10,2.541048387237907,1.0,-1.541048387237907
896,220,10,12,2.541048387237907,1.0,-1.541048387237907
881,220,6,18,2.541048387237907,1.0,-1.541048387237907
882,220,8,2,2.541048387237907,1.0,-1.541048387237907
874,220,6,4,2.541048387237907,1.0,-1.541048387237907
880,220,6,16,2.541048387237907,1.0,-1.541048387237907
871,220,4,16,2.541048387237907,1.0,-1.541048387237907
865,220,4,4,2.541048387237907,1.0,-1.541048387237907
866,220,4,6,2.541048387237907,1.0,-1.541048387237907
867,220,4,8,2.541048387237907,1.0,-1.541048387237907
868,220,4,10,2.541048387237907,1.0,-1.541048387237907
869,220,4,12,2.541048387237907,1.0,-1.541048387237907
870,220,4,14,2.541048387237907,1.0,-1.541048387237907
872,220,4,18,2.541048387237907,1.0,-1.541048387237907
879,220,6,14,2.541048387237907,1.0,-1.541048387237907
873,220,6,2,2.541048387237907,1.0,-1.541048387237907
899,220,10,18,2.541048387237907,1.0,-1.541048387237907
875,220,6,6,2.541048387237907,1.0,-1.541048387237907
876,220,6,8,2.541048387237907,1.0,-1.541048387237907
877,220,6,10,2.541048387237907,1.0,-1.541048387237907
878,220,6,12,2.541048387237907,1.0,-1.541048387237907
898,220,10,16,2.541048387237907,1.0,-1.541048387237907
934,220,18,16,2.541048387237907,1.0,-1.541048387237907
900,220,12,2,2.541048387237907,1.0,-1.541048387237907
926,220,16,18,2.541048387237907,1.0,-1.541048387237907
920,220,16,6,2.541048387237907,1.0,-1.541048387237907
921,220,16,8,2.541048387237907,1.0,-1.541048387237907
922,220,16,10,2.541048387237907,1.0,-1.541048387237907
923,220,16,12,2.541048387237907,1.0,-1.541048387237907
924,220,16,14,2.541048387237907,1.0,-1.541048387237907
925,220,16,16,2.541048387237907,1.0,-1.541048387237907
927,220,18,2,2.541048387237907,1.0,-1.541048387237907
918,220,16,2,2.541048387237907,1.0,-1.541048387237907
928,220,18,4,2.541048387237907,1.0,-1.541048387237907
929,220,18,6,2.541048387237907,1.0,-1.541048387237907
930,220,18,8,2.541048387237907,1.0,-1.541048387237907
931,220,18,10,2.541048387237907,1.0,-1.541048387237907
932,220,18,12,2.541048387237907,1.0,-1.541048387237907
933,220,18,14,2.541048387237907,1.0,-1.541048387237907
919,220,16,4,2.541048387237907,1.0,-1.541048387237907
917,220,14,18,2.541048387237907,1.0,-1.541048387237907
901,220,12,4,2.541048387237907,1.0,-1.541048387237907
908,220,12,18,2.541048387237907,1.0,-1.541048387237907
902,220,12,6,2.541048387237907,1.0,-1.541048387237907
903,220,12,8,2.541048387237907,1.0,-1.541048387237907
904,220,12,10,2.541048387237907,1.0,-1.541048387237907
905,220,12,12,2.541048387237907,1.0,-1.541048387237907
906,220,12,14,2.541048387237907,1.0,-1.541048387237907
907,220,12,16,2.541048387237907,1.0,-1.541048387237907
909,220,14,2,2.541048387237907,1.0,-1.541048387237907
916,220,14,16,2.541048387237907,1.0,-1.541048387237907
910,220,14,4,2.541048387237907,1.0,-1.541048387237907
911,220,14,6,2.541048387237907,1.0,-1.541048387237907
912,220,14,8,2.541048387237907,1.0,-1.541048387237907
913,220,14,10,2.541048387237907,1.0,-1.541048387237907
914,220,14,12,2.541048387237907,1.0,-1.541048387237907
915,220,14,14,2.541048387237907,1.0,-1.541048387237907
864,220,4,2,2.541048387237907,1.0,-1.541048387237907
935,220,18,18,2.541048387237907,1.0,-1.541048387237907
431,150,18,18,2.5935122139422555,1.0,-1.5935122139422555
394,150,10,16,2.5935122139422555,1.0,-1.5935122139422555
430,150,18,16,2.5935122139422555,1.0,-1.5935122139422555
379,150,8,4,2.5935122139422555,1.0,-1.5935122139422555
380,150,8,6,2.5935122139422555,1.0,-1.5935122139422555
381,150,8,8,2.5935122139422555,1.0,-1.5935122139422555
382,150,8,10,2.5935122139422555,1.0,-1.5935122139422555
383,150,8,12,2.5935122139422555,1.0,-1.5935122139422555
384,150,8,14,2.5935122139422555,1.0,-1.5935122139422555
385,150,8,16,2.5935122139422555,1.0,-1.5935122139422555
386,150,8,18,2.5935122139422555,1.0,-1.5935122139422555
387,150,10,2,2.5935122139422555,1.0,-1.5935122139422555
388,150,10,4,2.5935122139422555,1.0,-1.5935122139422555
389,150,10,6,2.5935122139422555,1.0,-1.5935122139422555
390,150,10,8,2.5935122139422555,1.0,-1.5935122139422555
391,150,10,10,2.5935122139422555,1.0,-1.5935122139422555
392,150,10,12,2.5935122139422555,1.0,-1.5935122139422555
377,150,6,18,2.5935122139422555,1.0,-1.5935122139422555
376,150,6,16,2.5935122139422555,1.0,-1.5935122139422555
375,150,6,14,2.5935122139422555,1.0,-1.5935122139422555
366,150,4,14,2.5935122139422555,1.0,-1.5935122139422555
360,150,4,2,2.5935122139422555,1.0,-1.5935122139422555
361,150,4,4,2.5935122139422555,1.0,-1.5935122139422555
362,150,4,6,2.5935122139422555,1.0,-1.5935122139422555
363,150,4,8,2.5935122139422555,1.0,-1.5935122139422555
364,150,4,10,2.5935122139422555,1.0,-1.5935122139422555
365,150,4,12,2.5935122139422555,1.0,-1.5935122139422555
367,150,4,16,2.5935122139422555,1.0,-1.5935122139422555
374,150,6,12,2.5935122139422555,1.0,-1.5935122139422555
368,150,4,18,2.5935122139422555,1.0,-1.5935122139422555
369,150,6,2,2.5935122139422555,1.0,-1.5935122139422555
370,150,6,4,2.5935122139422555,1.0,-1.5935122139422555
371,150,6,6,2.5935122139422555,1.0,-1.5935122139422555
372,150,6,8,2.5935122139422555,1.0,-1.5935122139422555
373,150,6,10,2.5935122139422555,1.0,-1.5935122139422555
393,150,10,14,2.5935122139422555,1.0,-1.5935122139422555
378,150,8,2,2.5935122139422555,1.0,-1.5935122139422555
395,150,10,18,2.5935122139422555,1.0,-1.5935122139422555
413,150,14,18,2.5935122139422555,1.0,-1.5935122139422555
415,150,16,4,2.5935122139422555,1.0,-1.5935122139422555
416,150,16,6,2.5935122139422555,1.0,-1.5935122139422555
417,150,16,8,2.5935122139422555,1.0,-1.5935122139422555
418,150,16,10,2.5935122139422555,1.0,-1.5935122139422555
419,150,16,12,2.5935122139422555,1.0,-1.5935122139422555
420,150,16,14,2.5935122139422555,1.0,-1.5935122139422555
422,150,16,18,2.5935122139422555,1.0,-1.5935122139422555
423,150,18,2,2.5935122139422555,1.0,-1.5935122139422555
424,150,18,4,2.5935122139422555,1.0,-1.5935122139422555
425,150,18,6,2.5935122139422555,1.0,-1.5935122139422555
426,150,18,8,2.5935122139422555,1.0,-1.5935122139422555
427,150,18,10,2.5935122139422555,1.0,-1.5935122139422555
428,150,18,12,2.5935122139422555,1.0,-1.5935122139422555
429,150,18,14,2.5935122139422555,1.0,-1.5935122139422555
396,150,12,2,2.5935122139422555,1.0,-1.5935122139422555
414,150,16,2,2.5935122139422555,1.0,-1.5935122139422555
421,150,16,16,2.5935122139422555,1.0,-1.5935122139422555
412,150,14,16,2.5935122139422555,1.0,-1.5935122139422555
404,150,12,18,2.5935122139422555,1.0,-1.5935122139422555
411,150,14,14,2.5935122139422555,1.0,-1.5935122139422555
398,150,12,6,2.5935122139422555,1.0,-1.5935122139422555
399,150,12,8,2.5935122139422555,1.0,-1.5935122139422555
400,150,12,10,2.5935122139422555,1.0,-1.5935122139422555
401,150,12,12,2.5935122139422555,1.0,-1.5935122139422555
402,150,12,14,2.5935122139422555,1.0,-1.5935122139422555
403,150,12,16,2.5935122139422555,1.0,-1.5935122139422555
397,150,12,4,2.5935122139422555,1.0,-1.5935122139422555
405,150,14,2,2.5935122139422555,1.0,-1.5935122139422555
406,150,14,4,2.5935122139422555,1.0,-1.5935122139422555
407,150,14,6,2.5935122139422555,1.0,-1.5935122139422555
408,150,14,8,2.5935122139422555,1.0,-1.5935122139422555
409,150,14,10,2.5935122139422555,1.0,-1.5935122139422555
410,150,14,12,2.5935122139422555,1.0,-1.5935122139422555
837,210,14,2,2.752143977482194,1.0,-1.752143977482194
844,210,14,16,2.752143977482194,1.0,-1.752143977482194
843,210,14,14,2.752143977482194,1.0,-1.752143977482194
842,210,14,12,2.752143977482194,1.0,-1.752143977482194
841,210,14,10,2.752143977482194,1.0,-1.752143977482194
840,210,14,8,2.752143977482194,1.0,-1.752143977482194
839,210,14,6,2.752143977482194,1.0,-1.752143977482194
838,210,14,4,2.752143977482194,1.0,-1.752143977482194
834,210,12,14,2.752143977482194,1.0,-1.752143977482194
836,210,12,18,2.752143977482194,1.0,-1.752143977482194
835,210,12,16,2.752143977482194,1.0,-1.752143977482194
846,210,16,2,2.752143977482194,1.0,-1.752143977482194
833,210,12,12,2.752143977482194,1.0,-1.752143977482194
832,210,12,10,2.752143977482194,1.0,-1.752143977482194
831,210,12,8,2.752143977482194,1.0,-1.752143977482194
830,210,12,6,2.752143977482194,1.0,-1.752143977482194
845,210,14,18,2.752143977482194,1.0,-1.752143977482194
863,210,18,18,2.752143977482194,1.0,-1.752143977482194
847,210,16,4,2.752143977482194,1.0,-1.752143977482194
856,210,18,4,2.752143977482194,1.0,-1.752143977482194
862,210,18,16,2.752143977482194,1.0,-1.752143977482194
861,210,18,14,2.752143977482194,1.0,-1.752143977482194
860,210,18,12,2.752143977482194,1.0,-1.752143977482194
859,210,18,10,2.752143977482194,1.0,-1.752143977482194
858,210,18,8,2.752143977482194,1.0,-1.752143977482194
857,210,18,6,2.752143977482194,1.0,-1.752143977482194
855,210,18,2,2.752143977482194,1.0,-1.752143977482194
848,210,16,6,2.752143977482194,1.0,-1.752143977482194
854,210,16,18,2.752143977482194,1.0,-1.752143977482194
853,210,16,16,2.752143977482194,1.0,-1.752143977482194
852,210,16,14,2.752143977482194,1.0,-1.752143977482194
851,210,16,12,2.752143977482194,1.0,-1.752143977482194
850,210,16,10,2.752143977482194,1.0,-1.752143977482194
849,210,16,8,2.752143977482194,1.0,-1.752143977482194
829,210,12,4,2.752143977482194,1.0,-1.752143977482194
828,210,12,2,2.752143977482194,1.0,-1.752143977482194
827,210,10,18,2.752143977482194,1.0,-1.752143977482194
808,210,6,16,2.752143977482194,1.0,-1.752143977482194
806,210,6,12,2.752143977482194,1.0,-1.752143977482194
805,210,6,10,2.752143977482194,1.0,-1.752143977482194
804,210,6,8,2.752143977482194,1.0,-1.752143977482194
803,210,6,6,2.752143977482194,1.0,-1.752143977482194
802,210,6,4,2.752143977482194,1.0,-1.752143977482194
801,210,6,2,2.752143977482194,1.0,-1.752143977482194
800,210,4,18,2.752143977482194,1.0,-1.752143977482194
799,210,4,16,2.752143977482194,1.0,-1.752143977482194
798,210,4,14,2.752143977482194,1.0,-1.752143977482194
797,210,4,12,2.752143977482194,1.0,-1.752143977482194
796,210,4,10,2.752143977482194,1.0,-1.752143977482194
795,210,4,8,2.752143977482194,1.0,-1.752143977482194
794,210,4,6,2.752143977482194,1.0,-1.752143977482194
793,210,4,4,2.752143977482194,1.0,-1.752143977482194
826,210,10,16,2.752143977482194,1.0,-1.752143977482194
807,210,6,14,2.752143977482194,1.0,-1.752143977482194
792,210,4,2,2.752143977482194,1.0,-1.752143977482194
809,210,6,18,2.752143977482194,1.0,-1.752143977482194
818,210,8,18,2.752143977482194,1.0,-1.752143977482194
810,210,8,2,2.752143977482194,1.0,-1.752143977482194
824,210,10,12,2.752143977482194,1.0,-1.752143977482194
823,210,10,10,2.752143977482194,1.0,-1.752143977482194
822,210,10,8,2.752143977482194,1.0,-1.752143977482194
821,210,10,6,2.752143977482194,1.0,-1.752143977482194
820,210,10,4,2.752143977482194,1.0,-1.752143977482194
819,210,10,2,2.752143977482194,1.0,-1.752143977482194
825,210,10,14,2.752143977482194,1.0,-1.752143977482194
817,210,8,16,2.752143977482194,1.0,-1.752143977482194
815,210,8,12,2.752143977482194,1.0,-1.752143977482194
814,210,8,10,2.752143977482194,1.0,-1.752143977482194
813,210,8,8,2.752143977482194,1.0,-1.752143977482194
812,210,8,6,2.752143977482194,1.0,-1.752143977482194
816,210,8,14,2.752143977482194,1.0,-1.752143977482194
811,210,8,4,2.752143977482194,1.0,-1.752143977482194
672,190,8,14,2.8093580580375277,1.0,-1.8093580580375277
666,190,8,2,2.8093580580375277,1.0,-1.8093580580375277
667,190,8,4,2.8093580580375277,1.0,-1.8093580580375277
668,190,8,6,2.8093580580375277,1.0,-1.8093580580375277
669,190,8,8,2.8093580580375277,1.0,-1.8093580580375277
670,190,8,10,2.8093580580375277,1.0,-1.8093580580375277
671,190,8,12,2.8093580580375277,1.0,-1.8093580580375277
675,190,10,2,2.8093580580375277,1.0,-1.8093580580375277
673,190,8,16,2.8093580580375277,1.0,-1.8093580580375277
674,190,8,18,2.8093580580375277,1.0,-1.8093580580375277
676,190,10,4,2.8093580580375277,1.0,-1.8093580580375277
677,190,10,6,2.8093580580375277,1.0,-1.8093580580375277
678,190,10,8,2.8093580580375277,1.0,-1.8093580580375277
679,190,10,10,2.8093580580375277,1.0,-1.8093580580375277
665,190,6,18,2.8093580580375277,1.0,-1.8093580580375277
680,190,10,12,2.8093580580375277,1.0,-1.8093580580375277
657,190,6,2,2.8093580580375277,1.0,-1.8093580580375277
664,190,6,16,2.8093580580375277,1.0,-1.8093580580375277
663,190,6,14,2.8093580580375277,1.0,-1.8093580580375277
682,190,10,16,2.8093580580375277,1.0,-1.8093580580375277
648,190,4,2,2.8093580580375277,1.0,-1.8093580580375277
649,190,4,4,2.8093580580375277,1.0,-1.8093580580375277
650,190,4,6,2.8093580580375277,1.0,-1.8093580580375277
651,190,4,8,2.8093580580375277,1.0,-1.8093580580375277
652,190,4,10,2.8093580580375277,1.0,-1.8093580580375277
653,190,4,12,2.8093580580375277,1.0,-1.8093580580375277
654,190,4,14,2.8093580580375277,1.0,-1.8093580580375277
655,190,4,16,2.8093580580375277,1.0,-1.8093580580375277
656,190,4,18,2.8093580580375277,1.0,-1.8093580580375277
658,190,6,4,2.8093580580375277,1.0,-1.8093580580375277
659,190,6,6,2.8093580580375277,1.0,-1.8093580580375277
660,190,6,8,2.8093580580375277,1.0,-1.8093580580375277
661,190,6,10,2.8093580580375277,1.0,-1.8093580580375277
662,190,6,12,2.8093580580375277,1.0,-1.8093580580375277
681,190,10,14,2.8093580580375277,1.0,-1.8093580580375277
700,190,14,16,2.8093580580375277,1.0,-1.8093580580375277
683,190,10,18,2.8093580580375277,1.0,-1.8093580580375277
684,190,12,2,2.8093580580375277,1.0,-1.8093580580375277
704,190,16,6,2.8093580580375277,1.0,-1.8093580580375277
705,190,16,8,2.8093580580375277,1.0,-1.8093580580375277
706,190,16,10,2.8093580580375277,1.0,-1.8093580580375277
707,190,16,12,2.8093580580375277,1.0,-1.8093580580375277
708,190,16,14,2.8093580580375277,1.0,-1.8093580580375277
709,190,16,16,2.8093580580375277,1.0,-1.8093580580375277
710,190,16,18,2.8093580580375277,1.0,-1.8093580580375277
711,190,18,2,2.8093580580375277,1.0,-1.8093580580375277
712,190,18,4,2.8093580580375277,1.0,-1.8093580580375277
713,190,18,6,2.8093580580375277,1.0,-1.8093580580375277
714,190,18,8,2.8093580580375277,1.0,-1.8093580580375277
715,190,18,10,2.8093580580375277,1.0,-1.8093580580375277
716,190,18,12,2.8093580580375277,1.0,-1.8093580580375277
717,190,18,14,2.8093580580375277,1.0,-1.8093580580375277
718,190,18,16,2.8093580580375277,1.0,-1.8093580580375277
703,190,16,4,2.8093580580375277,1.0,-1.8093580580375277
702,190,16,2,2.8093580580375277,1.0,-1.8093580580375277
701,190,14,18,2.8093580580375277,1.0,-1.8093580580375277
691,190,12,16,2.8093580580375277,1.0,-1.8093580580375277
685,190,12,4,2.8093580580375277,1.0,-1.8093580580375277
686,190,12,6,2.8093580580375277,1.0,-1.8093580580375277
687,190,12,8,2.8093580580375277,1.0,-1.8093580580375277
688,190,12,10,2.8093580580375277,1.0,-1.8093580580375277
689,190,12,12,2.8093580580375277,1.0,-1.8093580580375277
690,190,12,14,2.8093580580375277,1.0,-1.8093580580375277
692,190,12,18,2.8093580580375277,1.0,-1.8093580580375277
699,190,14,14,2.8093580580375277,1.0,-1.8093580580375277
693,190,14,2,2.8093580580375277,1.0,-1.8093580580375277
694,190,14,4,2.8093580580375277,1.0,-1.8093580580375277
695,190,14,6,2.8093580580375277,1.0,-1.8093580580375277
696,190,14,8,2.8093580580375277,1.0,-1.8093580580375277
697,190,14,10,2.8093580580375277,1.0,-1.8093580580375277
698,190,14,12,2.8093580580375277,1.0,-1.8093580580375277
719,190,18,18,2.8093580580375277,1.0,-1.8093580580375277
720,200,4,2,2.8372619710603706,1.0,-1.8372619710603706
791,200,18,18,2.8372619710603706,1.0,-1.8372619710603706
755,200,10,18,2.8372619710603706,1.0,-1.8372619710603706
739,200,8,4,2.8372619710603706,1.0,-1.8372619710603706
740,200,8,6,2.8372619710603706,1.0,-1.8372619710603706
741,200,8,8,2.8372619710603706,1.0,-1.8372619710603706
742,200,8,10,2.8372619710603706,1.0,-1.8372619710603706
743,200,8,12,2.8372619710603706,1.0,-1.8372619710603706
744,200,8,14,2.8372619710603706,1.0,-1.8372619710603706
745,200,8,16,2.8372619710603706,1.0,-1.8372619710603706
746,200,8,18,2.8372619710603706,1.0,-1.8372619710603706
747,200,10,2,2.8372619710603706,1.0,-1.8372619710603706
748,200,10,4,2.8372619710603706,1.0,-1.8372619710603706
749,200,10,6,2.8372619710603706,1.0,-1.8372619710603706
750,200,10,8,2.8372619710603706,1.0,-1.8372619710603706
751,200,10,10,2.8372619710603706,1.0,-1.8372619710603706
752,200,10,12,2.8372619710603706,1.0,-1.8372619710603706
753,200,10,14,2.8372619710603706,1.0,-1.8372619710603706
737,200,6,18,2.8372619710603706,1.0,-1.8372619710603706
736,200,6,16,2.8372619710603706,1.0,-1.8372619710603706
735,200,6,14,2.8372619710603706,1.0,-1.8372619710603706
726,200,4,14,2.8372619710603706,1.0,-1.8372619710603706
790,200,18,16,2.8372619710603706,1.0,-1.8372619710603706
721,200,4,4,2.8372619710603706,1.0,-1.8372619710603706
722,200,4,6,2.8372619710603706,1.0,-1.8372619710603706
723,200,4,8,2.8372619710603706,1.0,-1.8372619710603706
724,200,4,10,2.8372619710603706,1.0,-1.8372619710603706
725,200,4,12,2.8372619710603706,1.0,-1.8372619710603706
727,200,4,16,2.8372619710603706,1.0,-1.8372619710603706
734,200,6,12,2.8372619710603706,1.0,-1.8372619710603706
728,200,4,18,2.8372619710603706,1.0,-1.8372619710603706
729,200,6,2,2.8372619710603706,1.0,-1.8372619710603706
730,200,6,4,2.8372619710603706,1.0,-1.8372619710603706
731,200,6,6,2.8372619710603706,1.0,-1.8372619710603706
732,200,6,8,2.8372619710603706,1.0,-1.8372619710603706
733,200,6,10,2.8372619710603706,1.0,-1.8372619710603706
754,200,10,16,2.8372619710603706,1.0,-1.8372619710603706
738,200,8,2,2.8372619710603706,1.0,-1.8372619710603706
756,200,12,2,2.8372619710603706,1.0,-1.8372619710603706
773,200,14,18,2.8372619710603706,1.0,-1.8372619710603706
775,200,16,4,2.8372619710603706,1.0,-1.8372619710603706
776,200,16,6,2.8372619710603706,1.0,-1.8372619710603706
777,200,16,8,2.8372619710603706,1.0,-1.8372619710603706
778,200,16,10,2.8372619710603706,1.0,-1.8372619710603706
779,200,16,12,2.8372619710603706,1.0,-1.8372619710603706
781,200,16,16,2.8372619710603706,1.0,-1.8372619710603706
782,200,16,18,2.8372619710603706,1.0,-1.8372619710603706
783,200,18,2,2.8372619710603706,1.0,-1.8372619710603706
784,200,18,4,2.8372619710603706,1.0,-1.8372619710603706
785,200,18,6,2.8372619710603706,1.0,-1.8372619710603706
786,200,18,8,2.8372619710603706,1.0,-1.8372619710603706
787,200,18,10,2.8372619710603706,1.0,-1.8372619710603706
788,200,18,12,2.8372619710603706,1.0,-1.8372619710603706
789,200,18,14,2.8372619710603706,1.0,-1.8372619710603706
757,200,12,4,2.8372619710603706,1.0,-1.8372619710603706
774,200,16,2,2.8372619710603706,1.0,-1.8372619710603706
780,200,16,14,2.8372619710603706,1.0,-1.8372619710603706
772,200,14,16,2.8372619710603706,1.0,-1.8372619710603706
765,200,14,2,2.8372619710603706,1.0,-1.8372619710603706
759,200,12,8,2.8372619710603706,1.0,-1.8372619710603706
760,200,12,10,2.8372619710603706,1.0,-1.8372619710603706
761,200,12,12,2.8372619710603706,1.0,-1.8372619710603706
762,200,12,14,2.8372619710603706,1.0,-1.8372619710603706
763,200,12,16,2.8372619710603706,1.0,-1.8372619710603706
764,200,12,18,2.8372619710603706,1.0,-1.8372619710603706
758,200,12,6,2.8372619710603706,1.0,-1.8372619710603706
766,200,14,4,2.8372619710603706,1.0,-1.8372619710603706
768,200,14,8,2.8372619710603706,1.0,-1.8372619710603706
769,200,14,10,2.8372619710603706,1.0,-1.8372619710603706
770,200,14,12,2.8372619710603706,1.0,-1.8372619710603706
771,200,14,14,2.8372619710603706,1.0,-1.8372619710603706
767,200,14,6,2.8372619710603706,1.0,-1.8372619710603706
603,180,10,2,2.854716432113183,1.0,-1.8547164321131828
596,180,8,6,2.854716432113183,1.0,-1.8547164321131828
597,180,8,8,2.854716432113183,1.0,-1.8547164321131828
598,180,8,10,2.854716432113183,1.0,-1.8547164321131828
599,180,8,12,2.854716432113183,1.0,-1.8547164321131828
600,180,8,14,2.854716432113183,1.0,-1.8547164321131828
601,180,8,16,2.854716432113183,1.0,-1.8547164321131828
602,180,8,18,2.854716432113183,1.0,-1.8547164321131828
606,180,10,8,2.854716432113183,1.0,-1.8547164321131828
604,180,10,4,2.854716432113183,1.0,-1.8547164321131828
605,180,10,6,2.854716432113183,1.0,-1.8547164321131828
607,180,10,10,2.854716432113183,1.0,-1.8547164321131828
608,180,10,12,2.854716432113183,1.0,-1.8547164321131828
609,180,10,14,2.854716432113183,1.0,-1.8547164321131828
610,180,10,16,2.854716432113183,1.0,-1.8547164321131828
594,180,8,2,2.854716432113183,1.0,-1.8547164321131828
595,180,8,4,2.854716432113183,1.0,-1.8547164321131828
576,180,4,2,2.854716432113183,1.0,-1.8547164321131828
593,180,6,18,2.854716432113183,1.0,-1.8547164321131828
592,180,6,16,2.854716432113183,1.0,-1.8547164321131828
612,180,12,2,2.854716432113183,1.0,-1.8547164321131828
578,180,4,6,2.854716432113183,1.0,-1.8547164321131828
579,180,4,8,2.854716432113183,1.0,-1.8547164321131828
580,180,4,10,2.854716432113183,1.0,-1.8547164321131828
581,180,4,12,2.854716432113183,1.0,-1.8547164321131828
582,180,4,14,2.854716432113183,1.0,-1.8547164321131828
583,180,4,16,2.854716432113183,1.0,-1.8547164321131828
584,180,4,18,2.854716432113183,1.0,-1.8547164321131828
585,180,6,2,2.854716432113183,1.0,-1.8547164321131828
586,180,6,4,2.854716432113183,1.0,-1.8547164321131828
587,180,6,6,2.854716432113183,1.0,-1.8547164321131828
588,180,6,8,2.854716432113183,1.0,-1.8547164321131828
589,180,6,10,2.854716432113183,1.0,-1.8547164321131828
590,180,6,12,2.854716432113183,1.0,-1.8547164321131828
591,180,6,14,2.854716432113183,1.0,-1.8547164321131828
611,180,10,18,2.854716432113183,1.0,-1.8547164321131828
577,180,4,4,2.854716432113183,1.0,-1.8547164321131828
613,180,12,4,2.854716432113183,1.0,-1.8547164321131828
631,180,16,4,2.854716432113183,1.0,-1.8547164321131828
633,180,16,8,2.854716432113183,1.0,-1.8547164321131828
634,180,16,10,2.854716432113183,1.0,-1.8547164321131828
635,180,16,12,2.854716432113183,1.0,-1.8547164321131828
636,180,16,14,2.854716432113183,1.0,-1.8547164321131828
637,180,16,16,2.854716432113183,1.0,-1.8547164321131828
638,180,16,18,2.854716432113183,1.0,-1.8547164321131828
639,180,18,2,2.854716432113183,1.0,-1.8547164321131828
640,180,18,4,2.854716432113183,1.0,-1.8547164321131828
641,180,18,6,2.854716432113183,1.0,-1.8547164321131828
642,180,18,8,2.854716432113183,1.0,-1.8547164321131828
643,180,18,10,2.854716432113183,1.0,-1.8547164321131828
644,180,18,12,2.854716432113183,1.0,-1.8547164321131828
645,180,18,14,2.854716432113183,1.0,-1.8547164321131828
646,180,18,16,2.854716432113183,1.0,-1.8547164321131828
614,180,12,6,2.854716432113183,1.0,-1.8547164321131828
632,180,16,6,2.854716432113183,1.0,-1.8547164321131828
647,180,18,18,2.854716432113183,1.0,-1.8547164321131828
630,180,16,2,2.854716432113183,1.0,-1.8547164321131828
621,180,14,2,2.854716432113183,1.0,-1.8547164321131828
629,180,14,18,2.854716432113183,1.0,-1.8547164321131828
615,180,12,8,2.854716432113183,1.0,-1.8547164321131828
616,180,12,10,2.854716432113183,1.0,-1.8547164321131828
617,180,12,12,2.854716432113183,1.0,-1.8547164321131828
618,180,12,14,2.854716432113183,1.0,-1.8547164321131828
620,180,12,18,2.854716432113183,1.0,-1.8547164321131828
619,180,12,16,2.854716432113183,1.0,-1.8547164321131828
622,180,14,4,2.854716432113183,1.0,-1.8547164321131828
623,180,14,6,2.854716432113183,1.0,-1.8547164321131828
624,180,14,8,2.854716432113183,1.0,-1.8547164321131828
625,180,14,10,2.854716432113183,1.0,-1.8547164321131828
626,180,14,12,2.854716432113183,1.0,-1.8547164321131828
627,180,14,14,2.854716432113183,1.0,-1.8547164321131828
628,180,14,16,2.854716432113183,1.0,-1.8547164321131828
314,140,8,18,2.990286603379763,1.0,-1.9902866033797628
308,140,8,6,2.990286603379763,1.0,-1.9902866033797628
309,140,8,8,2.990286603379763,1.0,-1.9902866033797628
310,140,8,10,2.990286603379763,1.0,-1.9902866033797628
311,140,8,12,2.990286603379763,1.0,-1.9902866033797628
312,140,8,14,2.990286603379763,1.0,-1.9902866033797628
313,140,8,16,2.990286603379763,1.0,-1.9902866033797628
321,140,10,14,2.990286603379763,1.0,-1.9902866033797628
315,140,10,2,2.990286603379763,1.0,-1.9902866033797628
316,140,10,4,2.990286603379763,1.0,-1.9902866033797628
317,140,10,6,2.990286603379763,1.0,-1.9902866033797628
318,140,10,8,2.990286603379763,1.0,-1.9902866033797628
319,140,10,10,2.990286603379763,1.0,-1.9902866033797628
320,140,10,12,2.990286603379763,1.0,-1.9902866033797628
305,140,6,18,2.990286603379763,1.0,-1.9902866033797628
322,140,10,16,2.990286603379763,1.0,-1.9902866033797628
306,140,8,2,2.990286603379763,1.0,-1.9902866033797628
298,140,6,4,2.990286603379763,1.0,-1.9902866033797628
304,140,6,16,2.990286603379763,1.0,-1.9902866033797628
303,140,6,14,2.990286603379763,1.0,-1.9902866033797628
288,140,4,2,2.990286603379763,1.0,-1.9902866033797628
324,140,12,2,2.990286603379763,1.0,-1.9902866033797628
289,140,4,4,2.990286603379763,1.0,-1.9902866033797628
290,140,4,6,2.990286603379763,1.0,-1.9902866033797628
291,140,4,8,2.990286603379763,1.0,-1.9902866033797628
292,140,4,10,2.990286603379763,1.0,-1.9902866033797628
293,140,4,12,2.990286603379763,1.0,-1.9902866033797628
294,140,4,14,2.990286603379763,1.0,-1.9902866033797628
295,140,4,16,2.990286603379763,1.0,-1.9902866033797628
296,140,4,18,2.990286603379763,1.0,-1.9902866033797628
297,140,6,2,2.990286603379763,1.0,-1.9902866033797628
299,140,6,6,2.990286603379763,1.0,-1.9902866033797628
300,140,6,8,2.990286603379763,1.0,-1.9902866033797628
301,140,6,10,2.990286603379763,1.0,-1.9902866033797628
302,140,6,12,2.990286603379763,1.0,-1.9902866033797628
323,140,10,18,2.990286603379763,1.0,-1.9902866033797628
307,140,8,4,2.990286603379763,1.0,-1.9902866033797628
325,140,12,4,2.990286603379763,1.0,-1.9902866033797628
343,140,16,4,2.990286603379763,1.0,-1.9902866033797628
345,140,16,8,2.990286603379763,1.0,-1.9902866033797628
346,140,16,10,2.990286603379763,1.0,-1.9902866033797628
347,140,16,12,2.990286603379763,1.0,-1.9902866033797628
348,140,16,14,2.990286603379763,1.0,-1.9902866033797628
349,140,16,16,2.990286603379763,1.0,-1.9902866033797628
350,140,16,18,2.990286603379763,1.0,-1.9902866033797628
351,140,18,2,2.990286603379763,1.0,-1.9902866033797628
352,140,18,4,2.990286603379763,1.0,-1.9902866033797628
353,140,18,6,2.990286603379763,1.0,-1.9902866033797628
354,140,18,8,2.990286603379763,1.0,-1.9902866033797628
355,140,18,10,2.990286603379763,1.0,-1.9902866033797628
356,140,18,12,2.990286603379763,1.0,-1.9902866033797628
357,140,18,14,2.990286603379763,1.0,-1.9902866033797628
358,140,18,16,2.990286603379763,1.0,-1.9902866033797628
326,140,12,6,2.990286603379763,1.0,-1.9902866033797628
344,140,16,6,2.990286603379763,1.0,-1.9902866033797628
359,140,18,18,2.990286603379763,1.0,-1.9902866033797628
342,140,16,2,2.990286603379763,1.0,-1.9902866033797628
333,140,14,2,2.990286603379763,1.0,-1.9902866033797628
341,140,14,18,2.990286603379763,1.0,-1.9902866033797628
328,140,12,10,2.990286603379763,1.0,-1.9902866033797628
329,140,12,12,2.990286603379763,1.0,-1.9902866033797628
330,140,12,14,2.990286603379763,1.0,-1.9902866033797628
331,140,12,16,2.990286603379763,1.0,-1.9902866033797628
332,140,12,18,2.990286603379763,1.0,-1.9902866033797628
327,140,12,8,2.990286603379763,1.0,-1.9902866033797628
334,140,14,4,2.990286603379763,1.0,-1.9902866033797628
336,140,14,8,2.990286603379763,1.0,-1.9902866033797628
337,140,14,10,2.990286603379763,1.0,-1.9902866033797628
338,140,14,12,2.990286603379763,1.0,-1.9902866033797628
339,140,14,14,2.990286603379763,1.0,-1.9902866033797628
335,140,14,6,2.990286603379763,1.0,-1.9902866033797628
340,140,14,16,2.990286603379763,1.0,-1.9902866033797628
46,100,14,4,3.078671363886464,1.0,-2.078671363886464
52,100,14,16,3.078671363886464,1.0,-2.078671363886464
51,100,14,14,3.078671363886464,1.0,-2.078671363886464
50,100,14,12,3.078671363886464,1.0,-2.078671363886464
49,100,14,10,3.078671363886464,1.0,-2.078671363886464
48,100,14,8,3.078671363886464,1.0,-2.078671363886464
47,100,14,6,3.078671363886464,1.0,-2.078671363886464
43,100,12,16,3.078671363886464,1.0,-2.078671363886464
45,100,14,2,3.078671363886464,1.0,-2.078671363886464
44,100,12,18,3.078671363886464,1.0,-2.078671363886464
42,100,12,14,3.078671363886464,1.0,-2.078671363886464
41,100,12,12,3.078671363886464,1.0,-2.078671363886464
40,100,12,10,3.078671363886464,1.0,-2.078671363886464
53,100,14,18,3.078671363886464,1.0,-2.078671363886464
38,100,12,6,3.078671363886464,1.0,-2.078671363886464
39,100,12,8,3.078671363886464,1.0,-2.078671363886464
60,100,16,14,3.078671363886464,1.0,-2.078671363886464
54,100,16,2,3.078671363886464,1.0,-2.078671363886464
64,100,18,4,3.078671363886464,1.0,-2.078671363886464
37,100,12,4,3.078671363886464,1.0,-2.078671363886464
69,100,18,14,3.078671363886464,1.0,-2.078671363886464
68,100,18,12,3.078671363886464,1.0,-2.078671363886464
67,100,18,10,3.078671363886464,1.0,-2.078671363886464
66,100,18,8,3.078671363886464,1.0,-2.078671363886464
65,100,18,6,3.078671363886464,1.0,-2.078671363886464
63,100,18,2,3.078671363886464,1.0,-2.078671363886464
55,100,16,4,3.078671363886464,1.0,-2.078671363886464
62,100,16,18,3.078671363886464,1.0,-2.078671363886464
61,100,16,16,3.078671363886464,1.0,-2.078671363886464
59,100,16,12,3.078671363886464,1.0,-2.078671363886464
58,100,16,10,3.078671363886464,1.0,-2.078671363886464
57,100,16,8,3.078671363886464,1.0,-2.078671363886464
56,100,16,6,3.078671363886464,1.0,-2.078671363886464
2,100,4,6,3.078671363886464,1.0,-2.078671363886464
19,100,8,4,3.078671363886464,1.0,-2.078671363886464
36,100,12,2,3.078671363886464,1.0,-2.078671363886464
9,100,6,2,3.078671363886464,1.0,-2.078671363886464
15,100,6,14,3.078671363886464,1.0,-2.078671363886464
14,100,6,12,3.078671363886464,1.0,-2.078671363886464
13,100,6,10,3.078671363886464,1.0,-2.078671363886464
12,100,6,8,3.078671363886464,1.0,-2.078671363886464
11,100,6,6,3.078671363886464,1.0,-2.078671363886464
10,100,6,4,3.078671363886464,1.0,-2.078671363886464
8,100,4,18,3.078671363886464,1.0,-2.078671363886464
17,100,6,18,3.078671363886464,1.0,-2.078671363886464
7,100,4,16,3.078671363886464,1.0,-2.078671363886464
6,100,4,14,3.078671363886464,1.0,-2.078671363886464
5,100,4,12,3.078671363886464,1.0,-2.078671363886464
4,100,4,10,3.078671363886464,1.0,-2.078671363886464
3,100,4,8,3.078671363886464,1.0,-2.078671363886464
71,100,18,18,3.078671363886464,1.0,-2.078671363886464
16,100,6,16,3.078671363886464,1.0,-2.078671363886464
18,100,8,2,3.078671363886464,1.0,-2.078671363886464
35,100,10,18,3.078671363886464,1.0,-2.078671363886464
28,100,10,4,3.078671363886464,1.0,-2.078671363886464
34,100,10,16,3.078671363886464,1.0,-2.078671363886464
33,100,10,14,3.078671363886464,1.0,-2.078671363886464
32,100,10,12,3.078671363886464,1.0,-2.078671363886464
31,100,10,10,3.078671363886464,1.0,-2.078671363886464
30,100,10,8,3.078671363886464,1.0,-2.078671363886464
29,100,10,6,3.078671363886464,1.0,-2.078671363886464
27,100,10,2,3.078671363886464,1.0,-2.078671363886464
20,100,8,6,3.078671363886464,1.0,-2.078671363886464
26,100,8,18,3.078671363886464,1.0,-2.078671363886464
25,100,8,16,3.078671363886464,1.0,-2.078671363886464
24,100,8,14,3.078671363886464,1.0,-2.078671363886464
23,100,8,12,3.078671363886464,1.0,-2.078671363886464
22,100,8,10,3.078671363886464,1.0,-2.078671363886464
21,100,8,8,3.078671363886464,1.0,-2.078671363886464
70,100,18,16,3.078671363886464,1.0,-2.078671363886464
0,100,4,2,3.078671363886464,1.0,-2.078671363886464
1,100,4,4,3.078671363886464,1.0,-2.078671363886464
109,110,12,4,3.1416269360881306,1.0,-2.1416269360881306
119,110,14,6,3.1416269360881306,1.0,-2.1416269360881306
125,110,14,18,3.1416269360881306,1.0,-2.1416269360881306
124,110,14,16,3.1416269360881306,1.0,-2.1416269360881306
123,110,14,14,3.1416269360881306,1.0,-2.1416269360881306
122,110,14,12,3.1416269360881306,1.0,-2.1416269360881306
121,110,14,10,3.1416269360881306,1.0,-2.1416269360881306
120,110,14,8,3.1416269360881306,1.0,-2.1416269360881306
118,110,14,4,3.1416269360881306,1.0,-2.1416269360881306
127,110,16,4,3.1416269360881306,1.0,-2.1416269360881306
117,110,14,2,3.1416269360881306,1.0,-2.1416269360881306
116,110,12,18,3.1416269360881306,1.0,-2.1416269360881306
115,110,12,16,3.1416269360881306,1.0,-2.1416269360881306
114,110,12,14,3.1416269360881306,1.0,-2.1416269360881306
113,110,12,12,3.1416269360881306,1.0,-2.1416269360881306
112,110,12,10,3.1416269360881306,1.0,-2.1416269360881306
126,110,16,2,3.1416269360881306,1.0,-2.1416269360881306
128,110,16,6,3.1416269360881306,1.0,-2.1416269360881306
110,110,12,6,3.1416269360881306,1.0,-2.1416269360881306
137,110,18,6,3.1416269360881306,1.0,-2.1416269360881306
143,110,18,18,3.1416269360881306,1.0,-2.1416269360881306
142,110,18,16,3.1416269360881306,1.0,-2.1416269360881306
141,110,18,14,3.1416269360881306,1.0,-2.1416269360881306
140,110,18,12,3.1416269360881306,1.0,-2.1416269360881306
139,110,18,10,3.1416269360881306,1.0,-2.1416269360881306
138,110,18,8,3.1416269360881306,1.0,-2.1416269360881306
136,110,18,4,3.1416269360881306,1.0,-2.1416269360881306
129,110,16,8,3.1416269360881306,1.0,-2.1416269360881306
135,110,18,2,3.1416269360881306,1.0,-2.1416269360881306
134,110,16,18,3.1416269360881306,1.0,-2.1416269360881306
133,110,16,16,3.1416269360881306,1.0,-2.1416269360881306
132,110,16,14,3.1416269360881306,1.0,-2.1416269360881306
131,110,16,12,3.1416269360881306,1.0,-2.1416269360881306
130,110,16,10,3.1416269360881306,1.0,-2.1416269360881306
111,110,12,8,3.1416269360881306,1.0,-2.1416269360881306
74,110,4,6,3.1416269360881306,1.0,-2.1416269360881306
72,110,4,2,3.1416269360881306,1.0,-2.1416269360881306
84,110,6,8,3.1416269360881306,1.0,-2.1416269360881306
90,110,8,2,3.1416269360881306,1.0,-2.1416269360881306
89,110,6,18,3.1416269360881306,1.0,-2.1416269360881306
88,110,6,16,3.1416269360881306,1.0,-2.1416269360881306
87,110,6,14,3.1416269360881306,1.0,-2.1416269360881306
86,110,6,12,3.1416269360881306,1.0,-2.1416269360881306
85,110,6,10,3.1416269360881306,1.0,-2.1416269360881306
83,110,6,6,3.1416269360881306,1.0,-2.1416269360881306
108,110,12,2,3.1416269360881306,1.0,-2.1416269360881306
82,110,6,4,3.1416269360881306,1.0,-2.1416269360881306
81,110,6,2,3.1416269360881306,1.0,-2.1416269360881306
80,110,4,18,3.1416269360881306,1.0,-2.1416269360881306
79,110,4,16,3.1416269360881306,1.0,-2.1416269360881306
78,110,4,14,3.1416269360881306,1.0,-2.1416269360881306
77,110,4,12,3.1416269360881306,1.0,-2.1416269360881306
91,110,8,4,3.1416269360881306,1.0,-2.1416269360881306
92,110,8,6,3.1416269360881306,1.0,-2.1416269360881306
93,110,8,8,3.1416269360881306,1.0,-2.1416269360881306
94,110,8,10,3.1416269360881306,1.0,-2.1416269360881306
95,110,8,12,3.1416269360881306,1.0,-2.1416269360881306
96,110,8,14,3.1416269360881306,1.0,-2.1416269360881306
97,110,8,16,3.1416269360881306,1.0,-2.1416269360881306
98,110,8,18,3.1416269360881306,1.0,-2.1416269360881306
99,110,10,2,3.1416269360881306,1.0,-2.1416269360881306
100,110,10,4,3.1416269360881306,1.0,-2.1416269360881306
101,110,10,6,3.1416269360881306,1.0,-2.1416269360881306
102,110,10,8,3.1416269360881306,1.0,-2.1416269360881306
103,110,10,10,3.1416269360881306,1.0,-2.1416269360881306
104,110,10,12,3.1416269360881306,1.0,-2.1416269360881306
105,110,10,14,3.1416269360881306,1.0,-2.1416269360881306
106,110,10,16,3.1416269360881306,1.0,-2.1416269360881306
107,110,10,18,3.1416269360881306,1.0,-2.1416269360881306
73,110,4,4,3.1416269360881306,1.0,-2.1416269360881306
76,110,4,10,3.1416269360881306,1.0,-2.1416269360881306
75,110,4,8,3.1416269360881306,1.0,-2.1416269360881306
263,130,14,6,3.159864463730772,1.0,-2.159864463730772
269,130,14,18,3.159864463730772,1.0,-2.159864463730772
268,130,14,16,3.159864463730772,1.0,-2.159864463730772
267,130,14,14,3.159864463730772,1.0,-2.159864463730772
266,130,14,12,3.159864463730772,1.0,-2.159864463730772
265,130,14,10,3.159864463730772,1.0,-2.159864463730772
264,130,14,8,3.159864463730772,1.0,-2.159864463730772
262,130,14,4,3.159864463730772,1.0,-2.159864463730772
271,130,16,4,3.159864463730772,1.0,-2.159864463730772
261,130,14,2,3.159864463730772,1.0,-2.159864463730772
260,130,12,18,3.159864463730772,1.0,-2.159864463730772
259,130,12,16,3.159864463730772,1.0,-2.159864463730772
258,130,12,14,3.159864463730772,1.0,-2.159864463730772
257,130,12,12,3.159864463730772,1.0,-2.159864463730772
256,130,12,10,3.159864463730772,1.0,-2.159864463730772
270,130,16,2,3.159864463730772,1.0,-2.159864463730772
272,130,16,6,3.159864463730772,1.0,-2.159864463730772
219,130,4,8,3.159864463730772,1.0,-2.159864463730772
281,130,18,6,3.159864463730772,1.0,-2.159864463730772
287,130,18,18,3.159864463730772,1.0,-2.159864463730772
286,130,18,16,3.159864463730772,1.0,-2.159864463730772
285,130,18,14,3.159864463730772,1.0,-2.159864463730772
284,130,18,12,3.159864463730772,1.0,-2.159864463730772
283,130,18,10,3.159864463730772,1.0,-2.159864463730772
282,130,18,8,3.159864463730772,1.0,-2.159864463730772
280,130,18,4,3.159864463730772,1.0,-2.159864463730772
273,130,16,8,3.159864463730772,1.0,-2.159864463730772
279,130,18,2,3.159864463730772,1.0,-2.159864463730772
278,130,16,18,3.159864463730772,1.0,-2.159864463730772
277,130,16,16,3.159864463730772,1.0,-2.159864463730772
276,130,16,14,3.159864463730772,1.0,-2.159864463730772
275,130,16,12,3.159864463730772,1.0,-2.159864463730772
274,130,16,10,3.159864463730772,1.0,-2.159864463730772
255,130,12,8,3.159864463730772,1.0,-2.159864463730772
254,130,12,6,3.159864463730772,1.0,-2.159864463730772
253,130,12,4,3.159864463730772,1.0,-2.159864463730772
227,130,6,6,3.159864463730772,1.0,-2.159864463730772
233,130,6,18,3.159864463730772,1.0,-2.159864463730772
232,130,6,16,3.159864463730772,1.0,-2.159864463730772
231,130,6,14,3.159864463730772,1.0,-2.159864463730772
230,130,6,12,3.159864463730772,1.0,-2.159864463730772
229,130,6,10,3.159864463730772,1.0,-2.159864463730772
228,130,6,8,3.159864463730772,1.0,-2.159864463730772
226,130,6,4,3.159864463730772,1.0,-2.159864463730772
251,130,10,18,3.159864463730772,1.0,-2.159864463730772
225,130,6,2,3.159864463730772,1.0,-2.159864463730772
224,130,4,18,3.159864463730772,1.0,-2.159864463730772
223,130,4,16,3.159864463730772,1.0,-2.159864463730772
222,130,4,14,3.159864463730772,1.0,-2.159864463730772
221,130,4,12,3.159864463730772,1.0,-2.159864463730772
220,130,4,10,3.159864463730772,1.0,-2.159864463730772
234,130,8,2,3.159864463730772,1.0,-2.159864463730772
235,130,8,4,3.159864463730772,1.0,-2.159864463730772
236,130,8,6,3.159864463730772,1.0,-2.159864463730772
237,130,8,8,3.159864463730772,1.0,-2.159864463730772
238,130,8,10,3.159864463730772,1.0,-2.159864463730772
239,130,8,12,3.159864463730772,1.0,-2.159864463730772
240,130,8,14,3.159864463730772,1.0,-2.159864463730772
241,130,8,16,3.159864463730772,1.0,-2.159864463730772
242,130,8,18,3.159864463730772,1.0,-2.159864463730772
243,130,10,2,3.159864463730772,1.0,-2.159864463730772
244,130,10,4,3.159864463730772,1.0,-2.159864463730772
245,130,10,6,3.159864463730772,1.0,-2.159864463730772
246,130,10,8,3.159864463730772,1.0,-2.159864463730772
247,130,10,10,3.159864463730772,1.0,-2.159864463730772
248,130,10,12,3.159864463730772,1.0,-2.159864463730772
249,130,10,14,3.159864463730772,1.0,-2.159864463730772
250,130,10,16,3.159864463730772,1.0,-2.159864463730772
218,130,4,6,3.159864463730772,1.0,-2.159864463730772
217,130,4,4,3.159864463730772,1.0,-2.159864463730772
216,130,4,2,3.159864463730772,1.0,-2.159864463730772
252,130,12,2,3.159864463730772,1.0,-2.159864463730772
145,120,4,4,3.200177642794721,1.0,-2.200177642794721
146,120,4,6,3.200177642794721,1.0,-2.200177642794721
197,120,14,18,3.200177642794721,1.0,-2.200177642794721
196,120,14,16,3.200177642794721,1.0,-2.200177642794721
195,120,14,14,3.200177642794721,1.0,-2.200177642794721
194,120,14,12,3.200177642794721,1.0,-2.200177642794721
193,120,14,10,3.200177642794721,1.0,-2.200177642794721
192,120,14,8,3.200177642794721,1.0,-2.200177642794721
191,120,14,6,3.200177642794721,1.0,-2.200177642794721
190,120,14,4,3.200177642794721,1.0,-2.200177642794721
189,120,14,2,3.200177642794721,1.0,-2.200177642794721
188,120,12,18,3.200177642794721,1.0,-2.200177642794721
187,120,12,16,3.200177642794721,1.0,-2.200177642794721
186,120,12,14,3.200177642794721,1.0,-2.200177642794721
185,120,12,12,3.200177642794721,1.0,-2.200177642794721
184,120,12,10,3.200177642794721,1.0,-2.200177642794721
183,120,12,8,3.200177642794721,1.0,-2.200177642794721
198,120,16,2,3.200177642794721,1.0,-2.200177642794721
199,120,16,4,3.200177642794721,1.0,-2.200177642794721
200,120,16,6,3.200177642794721,1.0,-2.200177642794721
209,120,18,6,3.200177642794721,1.0,-2.200177642794721
215,120,18,18,3.200177642794721,1.0,-2.200177642794721
214,120,18,16,3.200177642794721,1.0,-2.200177642794721
213,120,18,14,3.200177642794721,1.0,-2.200177642794721
212,120,18,12,3.200177642794721,1.0,-2.200177642794721
211,120,18,10,3.200177642794721,1.0,-2.200177642794721
210,120,18,8,3.200177642794721,1.0,-2.200177642794721
208,120,18,4,3.200177642794721,1.0,-2.200177642794721
201,120,16,8,3.200177642794721,1.0,-2.200177642794721
207,120,18,2,3.200177642794721,1.0,-2.200177642794721
206,120,16,18,3.200177642794721,1.0,-2.200177642794721
205,120,16,16,3.200177642794721,1.0,-2.200177642794721
204,120,16,14,3.200177642794721,1.0,-2.200177642794721
203,120,16,12,3.200177642794721,1.0,-2.200177642794721
202,120,16,10,3.200177642794721,1.0,-2.200177642794721
182,120,12,6,3.200177642794721,1.0,-2.200177642794721
181,120,12,4,3.200177642794721,1.0,-2.200177642794721
144,120,4,2,3.200177642794721,1.0,-2.200177642794721
154,120,6,4,3.200177642794721,1.0,-2.200177642794721
160,120,6,16,3.200177642794721,1.0,-2.200177642794721
159,120,6,14,3.200177642794721,1.0,-2.200177642794721
158,120,6,12,3.200177642794721,1.0,-2.200177642794721
157,120,6,10,3.200177642794721,1.0,-2.200177642794721
156,120,6,8,3.200177642794721,1.0,-2.200177642794721
155,120,6,6,3.200177642794721,1.0,-2.200177642794721
153,120,6,2,3.200177642794721,1.0,-2.200177642794721
162,120,8,2,3.200177642794721,1.0,-2.200177642794721
152,120,4,18,3.200177642794721,1.0,-2.200177642794721
151,120,4,16,3.200177642794721,1.0,-2.200177642794721
150,120,4,14,3.200177642794721,1.0,-2.200177642794721
149,120,4,12,3.200177642794721,1.0,-2.200177642794721
148,120,4,10,3.200177642794721,1.0,-2.200177642794721
147,120,4,8,3.200177642794721,1.0,-2.200177642794721
161,120,6,18,3.200177642794721,1.0,-2.200177642794721
163,120,8,4,3.200177642794721,1.0,-2.200177642794721
179,120,10,18,3.200177642794721,1.0,-2.200177642794721
172,120,10,4,3.200177642794721,1.0,-2.200177642794721
178,120,10,16,3.200177642794721,1.0,-2.200177642794721
177,120,10,14,3.200177642794721,1.0,-2.200177642794721
176,120,10,12,3.200177642794721,1.0,-2.200177642794721
175,120,10,10,3.200177642794721,1.0,-2.200177642794721
174,120,10,8,3.200177642794721,1.0,-2.200177642794721
173,120,10,6,3.200177642794721,1.0,-2.200177642794721
171,120,10,2,3.200177642794721,1.0,-2.200177642794721
164,120,8,6,3.200177642794721,1.0,-2.200177642794721
170,120,8,18,3.200177642794721,1.0,-2.200177642794721
169,120,8,16,3.200177642794721,1.0,-2.200177642794721
168,120,8,14,3.200177642794721,1.0,-2.200177642794721
167,120,8,12,3.200177642794721,1.0,-2.200177642794721
166,120,8,10,3.200177642794721,1.0,-2.200177642794721
165,120,8,8,3.200177642794721,1.0,-2.200177642794721
180,120,12,2,3.200177642794721,1.0,-2.200177642794721
